objectid,pre_dir_tx,pre_type_t,name_tx,suf_type_t,suf_dir_tx,suffix_tx,full_name,new_nm_id,globalid,str_nm_id,usps_name
459031,,,ORTON,ST,,,ORTON ST,863169,f03c69a8-725e-4d12-aef8-c37a67410c1f,1491,ORTON ST
459032,,,OSCEOLA,AVE,,,OSCEOLA AVE,802369,d65f9773-e56d-4636-8282-521654dee2fa,1493,OSCEOLA AVE
459033,,,DEVONSHIRE,CT,,,DEVONSHIRE CT,664388,0e07b49a-f1a7-497e-b082-fa4cd2cc6c51,,DEVONSHIRE CT
459034,,,ANSON,RD,,,ANSON RD,751443,6f5bc1b6-3731-40b9-9ee7-db70889c01e5,68,ANSON ST
459035,,,STAFFORD,ST,,,STAFFORD ST,621116,3c31ef8e-bd4e-4616-8406-517cfc349776,1830,STAFFORD ST
459036,,,STANLEY,RD,,,STANLEY RD,751396,38afe06e-e6fd-4f4e-b4fb-db93e2724029,1832,STANLEY RD
459037,,,STANTON,ST,,,STANTON ST,791253,66a178a2-f41d-463a-a39e-a66e9d7c46f5,1833,STANTON ST
459038,,,STATE,RD,,,STATE RD,780483,151123e6-5706-482d-b941-bfa818e801b6,1835,STATE RD
459039,,,STATE,ST,,,STATE ST,746234,ecab9b11-4b8f-4ca0-8586-8aedeb192051,1836,STATE ST
459040,,,STEARNS,ST,,,STEARNS ST,606125,e7bafe5d-0c1d-464e-85a9-73b873203daa,1837,STEARNS ST
459041,,,STEBBINS,ST,,,STEBBINS ST,754104,0334dce7-42bb-40b0-b2b7-38e8edc11411,1838,STEBBINS ST
459042,,,STEELE,ST,,,STEELE ST,749082,a3aa52ed-0188-47c8-8bc4-4963935cf59f,1839,STEELE ST
459043,,,STEPHEN,AVE,,,STEPHEN AVE,874112,1697ce0b-8621-472b-bd2a-5d2d4962a227,1840,STEPHEN AVE
459044,,,STETSON,RD,,,STETSON RD,701391,af400835-9eff-4a56-9240-132d108862dd,1842,STETSON RD
459045,,,STEVENS,RD,,,STEVENS RD,670178,557f3f72-7acf-49f5-9ba0-634ce29a7d34,1843,STEVENS RD
459046,,,STOCKHOLM,ST,,,STOCKHOLM ST,752089,6793c3d2-2b95-4961-b3bf-ba1c60a64923,1845,STOCKHOLM ST
459047,,,STOCKTON,ST,,,STOCKTON ST,766139,45798634-9332-4bfb-b39d-65e93adf674c,1846,STOCKTON ST
459048,,,STODDARD,DR,,,STODDARD DR,879175,c9fa5612-3cdd-4520-94b0-05737d1a7b83,1847,STODDARD DR
459049,,,STONE,ST,,,STONE ST,750152,8070f474-4d28-4e1c-9726-66ffa05603a5,1848,STONE ST
459050,,,STONEGATE,LN,,,STONEGATE LN,675375,073c654c-fdbe-45f4-8260-480fb660dc52,1849,STONEGATE LN
459051,,,STONEHAM,RD,,,STONEHAM RD,837131,7c869346-6767-416c-b587-2639ad4d9178,1850,STONEHAM RD
459052,,,STONEHOUSE,LN,,,STONEHOUSE LN,616308,61450e2b-9c2e-433b-96e2-67f21369c3b5,1851,STONEHOUSE LN
459053,,,STONELAND,RD,,,STONELAND RD,676147,b9a03e0c-2da9-47ad-9b5b-e4ed4767d507,1852,STONELAND RD
459054,,,STONELEIGH,RD,,,STONELEIGH RD,710411,c046fee5-409e-4986-b890-881eb29ea8c7,1853,STONELEIGH RD
459055,,,STOWELL,AVE,,,STOWELL AVE,733339,9b66e68f-ffd8-4b46-8c8e-dc5e56bddef7,1855,STOWELL AVE
459056,,,STRASBURG,RD,,,STRASBURG RD,754059,9431092c-5abb-4493-919e-55c61b150e37,1856,STRASBURG RD
459057,,,STRATFIELD,ST,,,STRATFIELD ST,826189,54a492b9-af22-4900-92b6-15e5396a17d6,1857,STRATFIELD ST
459058,,,STRATHMORE,RD,,,STRATHMORE RD,752140,02e85a1a-7ff7-47b3-afa6-9e744c3760de,1858,STRATHMORE RD
459059,,,STRATTON,RD,,,STRATTON RD,796355,f6d07027-426a-4828-881a-b8abed26084f,1859,STRATTON RD
459060,,,STURGIS,ST,,,STURGIS ST,774277,73395c8e-b157-4075-8c20-19fb2ac9257f,1860,STURGIS ST
459061,,,SUDBURY,ST,,,SUDBURY ST,742222,e23535d0-6ee5-4dae-97b1-64de394b418a,1862,SUDBURY ST
459062,,,SUFFIELD,ST,,,SUFFIELD ST,759161,61f6d081-72e0-4fb1-92af-14e42326735e,1863,SUFFIELD ST
459063,,,SULTAN,ST,,,SULTAN ST,793202,cffaa49e-e001-4786-aee7-43c78da0b4eb,1865,SULTAN ST
459064,,,SUMMER,ST,,,SUMMER ST,761221,7a51be15-4c65-435b-82d4-dba593c72d3f,1866,SUMMER ST
459065,,,PAPINEAU,AVE,,,PAPINEAU AVE,630092,e69f4826-9e80-4fb8-943b-7213fe68811e,1510,PAPINEAU ST
459066,,,SUMMERHILL,AVE,,,SUMMERHILL AVE,758364,9524b9d0-d546-4bd4-962a-e0e1061e8483,1868,SUMMERHILL AVE
459067,,,SUMMIT,ST,,,SUMMIT ST,752188,804146cd-8cf4-43a4-9a4c-45967709430e,1869,SUMMIT ST
459068,,,SUN VALLEY,DR,,,SUN VALLEY DR,698263,70e0948f-8131-4c3a-83fc-88f15df8b9f8,1870,SUN VALLEY DR
459069,,,SUNDERLAND,RD,,,SUNDERLAND RD,862136,fa886594-3404-4f52-98a8-89b266fa1a01,1871,SUNDERLAND RD
459070,,,SUNDERLAND,TER,,,SUNDERLAND TER,903132,5dcb1eb3-dc73-47c1-8840-a1b04422d277,1872,SUNDERLAND TER
459071,,,SUNNYHILL,DR,,,SUNNYHILL DR,535276,3dd08e29-a014-47b4-b562-c889dd36115f,1873,SUNNY HILL DR
459072,,,SUNNYSIDE,AVE,,,SUNNYSIDE AVE,598199,935f93ae-f8a8-41e3-9641-dee531519aa1,1874,SUNNYSIDE AVE
459073,,,SUNNYVIEW,HTS,,,SUNNYVIEW HTS,532283,582bd982-df64-4f9e-840e-846af3766425,1875,SUNNYVIEW HTS
459074,,,SUNRISE,AVE,,,SUNRISE AVE,730403,f8f3b5a6-2bc0-43cb-bc79-8f9eded80dd5,1876,SUNRISE AVE
459075,,,SUPERIOR,RD,,,SUPERIOR RD,834195,5d4b1d30-0bd2-4ca9-b4ad-eb40ef091fd9,1878,SUPERIOR RD
459076,,,SURREY,LN,,,SURREY LN,686290,8b70053d-6046-4a2b-9e7e-542d59b26ef2,1879,SURREY LN
459077,,,SUSSEX,LN,,,SUSSEX LN,543285,08e072a0-7eef-477a-a171-69316818adaf,1880,SUSSEX LN
459078,,,SUTTON,PL,,,SUTTON PL,682126,55d87a1a-fe0e-4e94-a362-57ce67465f38,1882,SUTTON PL
459079,,,SVEA,ST,,,SVEA ST,758131,350e588d-938d-4def-9fe4-62de355c9d23,1883,SVEA ST
459080,,,SWAN,AVE,,,SWAN AVE,595192,455408fb-f18b-4f85-bf9d-50c7540f4384,1886,SWAN AVE
459081,,,SWEETBRIAR,LN,,,SWEETBRIAR LN,618197,125d5539-f357-480b-99e5-8225a9f894aa,1887,SWEETBRIAR LN
459082,,,SYCAMORE,ST,,,SYCAMORE ST,733191,685d1741-92f2-4629-baba-a57aa53e3aa4,1888,SYCAMORE ST
459083,,,SYLVAN,ST,,,SYLVAN ST,618139,4ae15d69-935e-4d41-8cdd-bc05a2a18528,1889,SYLVAN ST
459084,,,SYME,ST,,,SYME ST,763148,c8ea3078-6c9e-4bb1-9286-7b028b9ac761,1890,SYME ST
459085,,,TACONIC,RD,,,TACONIC RD,853282,4fc18202-6e60-4aea-9575-2df55b8a6ff5,1892,TACONIC RD
459086,,,TAHANTO,RD,,,TAHANTO RD,654243,c8e5b7c2-572c-47e2-8e7a-d95b70f890db,1893,TAHANTO RD
459087,,,BLAIR,ST,,,BLAIR ST,643271,730385a6-bbe1-4073-943e-9ede5314dce0,236,BLAIR ST
459088,,,BLAKE,ST,,,BLAKE ST,763180,7a519ab7-7005-414f-a0e8-12259f803ed9,237,BLAKE ST
459089,,,BLANCHE,ST,,,BLANCHE ST,761173,2fdc02e9-b331-49da-aa15-d081b0b7f85f,238,BLANCHE ST
459090,,,BLEEKER,ST,,,BLEEKER ST,793192,55da8960-9d1f-4cc7-9784-49ad979a7640,239,BLEEKER ST
459091,,,BLITHEWOOD,AVE,,,BLITHEWOOD AVE,861111,9ece2e77-7969-42ea-9b4d-295d33a9dadf,241,BLITHEWOOD AVE
459092,,,GRAFTON,ST,,,GRAFTON ST,830163,7453f806-501e-489b-b35f-1c92d2af06af,840,GRAFTON ST
459093,,,GRAHAM,ST,,,GRAHAM ST,608105,760ee9c1-8f52-4e9d-b3e7-05176355c49a,841,GRAHAM ST
459094,,,GRAMMONT,RD,,,GRAMMONT RD,765122,ca472eff-dd59-445f-a4b5-1b7fd049cc54,842,GRAMMONT RD
459095,,,GRANBY,RD,,,GRANBY RD,814243,347d1a74-44cd-42a3-9b37-a605c3c91c5d,843,GRANBY RD
459096,,,GRAND,ST,,,GRAND ST,702155,b3c06590-89da-4c03-bc62-55181d94c654,844,GRAND ST
459097,,,GRAND VIEW,AVE,,,GRAND VIEW AVE,611120,e261990c-7091-4746-b21f-8e83f07e6a02,846,GRANDVIEW AVE
459098,,,GRANITE,ST,,,GRANITE ST,797097,c34d3af8-29be-4c32-9849-04865cb77a72,847,GRANITE ST
459099,,,GRANVILLE,AVE,,,GRANVILLE AVE,769368,434edbe3-aedd-4db5-839f-25379d19dbaa,848,GRANVILLE AVE
459100,,,GRAYSTONE,CIR,,,GRAYSTONE CIR,786346,1928536d-f7df-42a6-b356-300cc8a0faf8,849,GRAYSTONE CIR
459101,,,GREAT BROOK VALLEY,AVE,,,GREAT BROOK VALLEY AVE,843357,a72ea197-f09b-4b84-9074-22482286b329,850,GREAT BROOK VALLEY AVE
459102,,,GREAT POST,RD,,,GREAT POST RD,579129,3d783212-d0c4-47e9-b09a-c18a2cd54154,851,GREAT POST RD
459103,,,GREEN,ST,,,GREEN ST,754190,bbfe1423-4b55-48bd-815c-17fa73d7db2e,852,GREEN ST
459104,,,GREEN FARMS,RD,,,GREEN FARMS RD,666381,00cb22d3-e355-434f-9b5a-bf3966abcf66,853,GREEN FARMS RD
459105,,,GREEN HILL,PKWY,,,GREEN HILL PKWY,791277,afef35ab-ebbd-49f4-b2bc-ff775aac2bf8,854,GREEN HILL PKWY
459106,,,GREENBRIAR,LN,,,GREENBRIAR LN,659277,4a9f652c-48f5-4e56-a31b-7eecb26eee64,855,GREENBRIAR LN
459107,,,GREENBUSH,RD,,,GREENBUSH RD,838127,617f15d2-93ce-4745-a12b-db0658a25f52,856,GREENBUSH RD
459108,,,GREENCOURT,ST,,,GREENCOURT ST,836138,8ffe4ecf-5cff-4242-be0e-df4776c42d8f,857,GREENCOURT ST
459109,,,GREENDALE,AVE,,,GREENDALE AVE,762375,33864d8a-75d8-455d-a421-faacf298eb4c,858,GREENDALE AVE
459110,,,GREENFIELD,ST,,,GREENFIELD ST,815144,7ee1bc31-c3c6-46eb-a50f-b242a1abab7b,859,GREENFIELD ST
459111,,,GREENHALGE,ST,,,GREENHALGE ST,842121,04454df2-e9b8-40cc-8fd3-8676295e8577,860,GREENHALGE ST
459112,,,GREEN HILL,AVE,,,GREEN HILL AVE,814298,1944436b-74d6-4a70-9993-88e079ffba51,861,GREEN HILL AVE
459113,,,GREENLEAF,TER,,,GREENLEAF TER,675239,dc37af7c-4147-4c92-9e1e-9a876cb0a114,862,GREENLEAF TER
459114,,,GREENSIDE,LN,,,GREENSIDE LN,626299,1608c156-9875-4e0e-b3b0-48e2b3f172fd,863,GREENSIDE LN
459115,,,GREENVIEW,LN,,,GREENVIEW LN,628296,0575645b-7709-4efe-9499-e5309ee06243,864,GREEN VIEW LN
459116,,,GREENWICH,CT,,,GREENWICH CT,631362,759204db-777a-40bb-af59-39cafda7429f,865,GREENWICH CT
459117,,,GREENWOOD,ST,,,GREENWOOD ST,757058,3e809ae2-55fe-41fd-bbf0-910a9c443fa0,866,GREENWOOD ST
459118,,,GRENADA,ST,,,GRENADA ST,609274,f65bf5bd-4e26-44ff-858a-b54fce0342cf,867,GRENADA ST
459119,,,GREYBERT,LN,,,GREYBERT LN,609248,35bbe144-e992-4c12-b17b-5aece4eedb82,868,GREYBERT LN
459120,,,GROSVENOR,ST,,,GROSVENOR ST,743175,180dd339-3b9a-4afd-9c29-7316b0d4e7ee,869,GROSVENOR ST
459121,,,GROTON,PL,,,GROTON PL,787198,f8a6c4b2-a478-4a43-8c75-ac8768ef57de,870,GROTON PL
459122,,,GROUT,CT,,,GROUT CT,708169,e77929b2-39e3-4e5c-858f-c4feb1c526bc,871,GROUT CT
459123,,,GROVE,ST,,,GROVE ST,705318,9a6d9a15-6cc7-49cc-9b5e-45e9f5d26aad,872,GROVE ST
459124,,,GROVE HEIGHTS,DR,,,GROVE HEIGHTS DR,683374,a8a2cd5b-f83f-4cd7-8f20-0b4108425824,874,GROVE HEIGHTS DR
459125,,,GUILFORD,ST,,,GUILFORD ST,767467,b323107c-d298-4cb6-9755-9aa97a2823b9,876,GUILFORD ST
459126,,,GUNNARSON,RD,,,GUNNARSON RD,771386,6ce85388-6f5e-453d-8a41-77893016157e,878,GUNNARSON RD
459127,,,HACKER,CT,,,HACKER CT,700143,a7917c97-cb94-42e5-80ee-0bdef04a940f,879,HACKER CT
459128,,,HACKFELD,RD,,,HACKFELD RD,715242,00f3fa31-c730-48d8-a086-8d38407a67a2,881,HACKFELD RD
459129,,,HADWEN,LN,,,HADWEN LN,664236,d067a7ca-8a1d-4e2b-88d1-c5eabea56455,882,HADWEN LN
459130,,,TOWER,ST,,,TOWER ST,732324,40dd1503-e2d9-4ff3-a722-18724fb5ae63,1937,TOWER ST
459131,,,TREVOR,LN,,,TREVOR LN,663371,65db0fb7-737b-4a87-846c-f5476f537cc1,1944,TREVOR LN
459132,,,TRISTAN,CT,,,TRISTAN CT,629285,d3086b19-bc6b-44f5-884f-2d557076c129,1947,TRISTAN CT
459133,,,TRURO,ST,,,TRURO ST,630107,dc48b72c-542b-4e6e-b669-a910a6782ecb,1950,TRURO ST
459134,,,TUPELO,RD,,,TUPELO RD,779410,f67a1a88-c5f7-4835-b6fe-9e0680bfc0df,1954,TUPELO RD
459135,,,VALLEY HILL,LN,,,VALLEY HILL LN,693261,664d7ce1-2e89-4535-bd0d-bde6252a1064,1977,VALLEY HILL LN
459136,,,VALLEY VIEW,LN,,,VALLEY VIEW LN,833138,9119d52d-999d-4ccf-836a-e6da21eb963b,1978,VALLEY VIEW LN
459137,,,VALMOR,ST,,,VALMOR ST,839158,97cb5250-2912-4093-b319-dbd042046887,1979,VALMOR ST
459138,,,VAN,ST,,,VAN ST,644221,4d7e2e29-3f5e-4765-901f-a5eae7a53d81,1980,VAN ST
459139,,,VARNEY,ST,,,VARNEY ST,802331,b22f21ba-f8b3-4d45-a9ab-995cffa5e8a5,1981,VARNEY ST
459140,,,VARNUM,ST,,,VARNUM ST,626127,8272f220-40b9-455c-bde4-c7d4ae41653c,1982,VARNUM ST
459141,,,VASSAR,ST,,,VASSAR ST,667266,e5a48918-2c80-405f-90f0-3b810ef0cecd,1983,VASSAR ST
459142,,,VEGA,LN,,,VEGA LN,681381,6032deff-0bcb-42bf-8a5d-8fdbeb50b118,1985,VEGA LN
459143,,,VELANDER,ST,,,VELANDER ST,785259,6fcb3c8a-3069-4242-9314-f34c79821204,1986,VELANDER ST
459144,,,VENDORA,RD,,,VENDORA RD,768427,1cd17ac4-39d3-479c-bd29-7f696f6a37a1,1987,VENDORA RD
459145,,,VENTURA,RD,,,VENTURA RD,813243,812fcfe1-234b-4fa3-b9ac-ec4fd87c88e0,1988,VENTURA RD
459146,,,VENUS,DR,,,VENUS DR,671385,c9e948dc-8da5-4d51-9743-b256b86c17cb,1989,VENUS DR
459147,,,VERDI,RD,,,VERDI RD,792227,0afa5d7d-7ac1-49f4-beaf-0bc303861515,1990,VERDI RD
459148,,,VERMONT,AVE,,,VERMONT AVE,606164,8d1022ab-3209-406e-8507-118ea7cd65eb,1991,VERMONT AVE
459149,,,VERNON,ST,,,VERNON ST,762147,d96ed923-c678-4c51-9941-f76633aeab69,1992,VERNON ST
459150,,,VERNON,TER,,,VERNON TER,763166,c4c2a85f-bc3b-4344-a457-3e1f22ec654e,1994,VERNON TER
459151,,,VESPER,ST,,,VESPER ST,639266,ba253018-7a59-4d13-b9ba-d3a7662167dc,1995,VESPER ST
459152,,,POLLOCK,ST,,,POLLOCK ST,842228,51f42896-b811-4726-9aa2-312ec8c1082e,1583,POLLOCK ST
459153,,,POMONA,RD,,,POMONA RD,608268,77bce9f1-da90-4a59-9920-2a6b0f1dadef,1584,POMONA RD
459154,,,POMPANO,RD,,,POMPANO RD,796352,ccc8c790-f177-4f0d-b6bd-173222cd2bfc,1585,POMPANO RD
459155,,,POND,ST,,,POND ST,758189,8f43d653-74b1-4515-aa93-d675fcaaad9b,1586,POND ST
459156,,,PONIKEN,RD,,,PONIKEN RD,721369,09995c6f-42d0-4f25-bd12-f6f328d764a5,1587,PONIKEN RD
459157,,,POPLAR,ST,,,POPLAR ST,721321,f237bb83-3ea6-4a5f-ba85-e1c1d538ea6b,1588,POPLAR ST
459158,,,PORTER,ST,,,PORTER ST,876150,bb1a914f-f5ac-4552-a3fe-8d18283e660b,1589,PORTER ST
459159,,,PORTLAND,ST,,,PORTLAND ST,744201,42c97835-cc76-448c-8f62-ceb8c71d860f,1590,PORTLAND ST
459160,,,POTOMSKA,ST,,,POTOMSKA ST,629206,4ff3c3e0-f041-4fa9-a791-3fc9df7f73a7,1592,POTOMSKA ST
459161,,,POWERS,CT,,,POWERS CT,736279,7f7be5bf-4f33-4e5a-bd47-8213a940af74,1593,POWERS CT
459162,,,PRATT,RD,,,PRATT RD,704417,d1cd6719-f5b3-4192-b591-18eebeced99e,1594,PRATT RD
459163,,,PRATT,ST,,,PRATT ST,723281,d2e097b9-e3ef-406a-a67c-b34f07b35eeb,1595,PRATT ST
459164,,,PRENTICE,ST,,,PRENTICE ST,817244,e38087f9-c402-43eb-91be-84e01762fc18,1596,PRENTICE ST
459165,,,PRESCOTT,ST,,,PRESCOTT ST,750265,5039781f-b1b6-47a7-ab9f-fa179f0e7ab7,1597,PRESCOTT ST
459166,,,PRESTON,ST,,,PRESTON ST,719194,e6a016f3-f76d-4fbf-a224-db23cdca9ec9,1598,PRESTON ST
459167,,,PRIMROSE,ST,,,PRIMROSE ST,834131,779d81f7-6a9a-49b0-ae73-f5ccb8d4904e,1599,PRIMROSE ST
459168,,,PRINCETON,ST,,,PRINCETON ST,717145,fb19a182-8059-425f-94e9-5e32448b18a7,1600,PRINCETON ST
459169,,,PRIOULX,ST,,,PRIOULX ST,747293,6330a57d-41ef-4035-b345-d692e7ec26d6,1601,PRIOULX ST
459170,,,PROCTOR,ST,,,PROCTOR ST,728325,f0dcf9d2-12dd-4d55-9e60-b00de779c2de,1602,PROCTOR ST
459171,,,PROGRESSIVE,ST,,,PROGRESSIVE ST,845157,5594af02-569e-4747-966b-f93788d2417e,1603,PROGRESSIVE ST
459172,,,CARBON,ST,,,CARBON ST,757243,654cf335-ec43-4e4f-aeae-c66c513dcff7,347,CARBON ST
459173,,,CARGILL,AVE,,,CARGILL AVE,755140,771e7fcc-8442-4015-b689-b9ebe3a07ce1,349,CARGILL AVE
459174,,,CARLETON,ST,,,CARLETON ST,629114,e4d83878-3f38-4cb7-a4d0-e28ce67ad4c2,351,CARLETON ST
459175,,,CARLISLE,ST,,,CARLISLE ST,666214,05a5caab-47fe-406a-90b5-e881f8281dc1,352,CARLISLE ST
459176,,,LODI,ST,,,LODI ST,741175,86fa03ec-5d33-4510-bad5-33a2c62a5c8b,1181,LODI ST
459177,,,LONG VUE,TER,,,LONG VUE TER,551276,04223e91-e39a-4624-832f-e3c6ce8aa44d,1182,LONG VUE TER
459178,,,NANITA,ST,,,NANITA ST,859178,7844e2ad-8224-4f8c-9618-119f6b8f4fed,1389,NANITA ST
459179,,,NAPLES,RD,,,NAPLES RD,764408,789389ab-052a-4ea1-9646-55e5e5b3c8e4,1390,NAPLES RD
459180,,,NARRAGANSETT,AVE,,,NARRAGANSETT AVE,748076,ddbdf93c-eb42-41d4-a5fc-778e6cbca05d,1391,NARRAGANSETT AVE
459181,,,NASHOBA,PL,,,NASHOBA PL,725367,74ac0471-799d-4ef8-bb92-faeb7aea4c8f,1392,NASHOBA PL
459182,,,NASHUA,ST,,,NASHUA ST,752285,6ef7249a-fc30-4553-abb5-92b6e8a05eeb,1393,NASHUA ST
459183,,,LAMAR,AVE,,,LAMAR AVE,817158,91b8934f-adaf-4de9-9f49-f85513069dea,1124,LAMAR AVE
459184,,,ROSEMARY,ST,,,ROSEMARY ST,814210,b5b09123-2d55-4273-8723-b6a94d28af3c,1698,ROSEMARY ST
459185,,,SHEFFIELD,RD,,,SHEFFIELD RD,711264,7ed040d1-63b3-49af-8525-c8acc498ab67,1771,SHEFFIELD RD
459186,,,SHELBY,PL,,,SHELBY PL,771228,6f420969-904e-4e6c-9bc9-b76ab53aa0e9,1772,SHELBY PL
459187,,,SHELBY,ST,,,SHELBY ST,772227,48ca01a5-f1b8-4bf8-8363-b0359c35e57e,1773,SHELBY ST
459188,,,SHEPARD,ST,,,SHEPARD ST,709183,8ae36d15-1ae9-4be4-ab86-10ce6e95b2be,1774,SHEPARD ST
459189,,,SHERBROOK,AVE,,,SHERBROOK AVE,865225,ffb36699-ce3c-46bb-834e-dccaf1c512d5,1775,SHERBROOK AVE
459190,,,SHERBURNE,AVE,,,SHERBURNE AVE,733335,4a476075-5590-4aa5-a2bf-1f9ebe972d7b,1776,SHERBURNE AVE
459191,,,SHERER,TRAIL,,,SHERER TRAIL,610159,6740a043-14ea-487d-85dd-005fda554505,1777,SHERER TRL
459192,,,SHERIDAN,ST,,,SHERIDAN ST,730141,82ed9d6e-5287-4003-bb41-167241ad2062,1778,SHERIDAN ST
459193,,,SHERMAN,ST,,,SHERMAN ST,732140,c3305fb4-08cb-459f-9047-6e5e83f0f9c7,1779,SHERMAN ST
459194,,,SHERWOOD,RD,,,SHERWOOD RD,648231,3980e872-2d42-44eb-a059-632b5668962a,1781,SHERWOOD RD
459195,,,SHIRLEY,ST,,,SHIRLEY ST,680173,2633c696-678d-462f-acc4-850e904ae26c,1782,SHIRLEY ST
459196,,,ROSEMONT,RD,,,ROSEMONT RD,722300,48896a11-2fc1-48a7-9893-b1b68ed1359b,1699,ROSEMONT RD
459197,,,ROSEWOOD,DR,,,ROSEWOOD DR,646205,70117a4d-95f3-4b69-b370-dc1c8864a598,1700,ROSEWOOD DR
459198,,,ROSITA,RD,,,ROSITA RD,727313,aa80889d-61df-46d3-aaea-2e3f4f7d3716,1701,ROSITA RD
459199,,,ROSSLARE,DR,,,ROSSLARE DR,645195,af705794-4c78-417e-a59e-4ce9353b450c,1702,ROSSLARE DR
459200,,,ROWENA,ST,,,ROWENA ST,788385,6a6805a6-aec4-4d5e-af7a-ffb93b780e43,1703,ROWENA ST
459201,,,ROXBURY,ST,,,ROXBURY ST,715232,2357cc01-f8d4-46dd-8e1a-c791a903659d,1704,ROXBURY ST
459202,,,ROY,ST,,,ROY ST,668185,7719f3ad-fa90-4735-9b5d-1fdd567779ca,1705,ROY ST
459203,,,ROYAL,RD,,,ROYAL RD,641094,ab90cc24-525f-4716-9c96-bdc781a24bfa,1706,ROYAL RD
459204,,,ROYCROFT,RD,,,ROYCROFT RD,763408,aa367bec-0e1b-4e5f-9272-ac47cb8aa5f3,1707,ROYCROFT RD
459205,,,RUDOLPH,ST,,,RUDOLPH ST,832158,e61b56d8-5b29-421d-bb6e-149c9fc01456,1708,RUDOLPH ST
459206,,,RUGBY,ST,,,RUGBY ST,802168,143c367f-d6c8-4d6a-8c94-70a9a413aa19,1709,RUGBY ST
459207,,,RUMFORD,AVE,,,RUMFORD AVE,730270,73f0d688-c6ef-4f98-93cc-aa01f18ef0db,1710,RUMFORD AVE
459208,,,RUPERT,ST,,,RUPERT ST,649215,2e545ecf-e433-4c10-8236-717794cac162,1711,RUPERT ST
459209,,,RURAL,ST,,,RURAL ST,880134,410cc479-5ead-4329-aa53-a4b3d3add277,1712,RURAL ST
459210,,,RUSSELL,ST,,,RUSSELL ST,708226,8e15e62e-e8e0-4d7c-a04e-089b8a8704af,1713,RUSSELL ST
459211,,,RUSSELL CALVIN,DR,,,RUSSELL CALVIN DR,661372,fe2856fb-4911-4cfe-8c62-ab1723bfa20c,1714,RUSSELL CALVIN DR
459212,,,RUSTIC,DR,,,RUSTIC DR,634278,e9abe9ff-cbef-4952-ab73-55935aede900,1715,RUSTIC DR
459213,,,RUTH,ST,,,RUTH ST,646219,200aa491-684a-4bf3-9b4b-e09f678636d7,1716,RUTH ST
459214,,,CATALPA,CIR,,,CATALPA CIR,628146,854722bf-3d5f-4c3d-b9a2-629120ef1d38,368,CATALPA CIR
459215,,,CATALPA,ST,,,CATALPA ST,634145,cdd5e522-16fa-4748-aa93-1bf1f52d2b1c,369,CATALPA ST
459216,,,CATARACT,ST,,,CATARACT ST,579294,5f8c59da-ba53-45ce-80d9-5aded35f4e0a,370,CATARACT ST
459217,,,CATAUMET,ST,,,CATAUMET ST,791363,cfe72640-242a-4f96-92d2-28cebf25a1a1,371,CATAUMET ST
459218,,,CATHARINE,ST,,,CATHARINE ST,773254,44df2f6a-e046-4e9a-a281-390174da6ca3,372,CATHARINE ST
459219,,,CATON,RD,,,CATON RD,599300,b3cc928a-3600-4a44-a0c5-fcde42cbdd99,374,CATON RD
459220,,,CEDAR,ST,,,CEDAR ST,723223,8b0875e1-98b5-4ba4-8321-5098e699a313,375,CEDAR ST
459221,,,CENTER,ST,,,CENTER ST,614180,686e7463-e6e1-49df-9428-d10619bd09ac,376,CENTER ST
459222,,,CHADWICK,ST,,,CHADWICK ST,724296,e0f1dd44-f6b3-4639-9a4c-b88f7c6a5417,378,CHADWICK ST
459223,,,CHALMERS,RD,,,CHALMERS RD,679243,8814aa4a-d8a2-47fe-8d07-a60bf08910bc,379,CHALMERS RD
459224,,,CHAMBERLAIN,PKWY,,,CHAMBERLAIN PKWY,655248,25229176-8c9a-43cb-aadc-0defb6d5a0c5,380,CHAMBERLAIN PKWY
459225,,,CHAMBERS,ST,,,CHAMBERS ST,760438,4f21bb2f-6946-4463-bd52-2fe821af24c7,381,CHAMBERS ST
459226,,,CHANDLER,CT,,,CHANDLER CT,730200,d6ebe6ee-cda0-4ec2-83d7-946fcb3e5e3d,382,CHANDLER CT
459227,,,CHANDLER,ST,,,CHANDLER ST,656215,40eb2f85-7be0-4f59-8266-b51d44c5d61e,383,CHANDLER ST
459228,,,CHANNING,ST,,,CHANNING ST,775261,ec2902b5-239b-4bed-be5e-363092c13a7c,384,CHANNING ST
459229,,,CHANNING,WAY,,,CHANNING WAY,771250,644c4c08-807f-4457-bc07-eba62ba0425d,385,CHANNING WAY
459230,,,CHAPIN,ST,,,CHAPIN ST,773167,7311034e-d045-4e6b-aefd-d0a5696b3e58,386,CHAPIN ST
459231,,,CHARLOTTE,ST,,,CHARLOTTE ST,686176,a203ab91-1b57-494d-908c-a32318c463de,387,CHARLOTTE ST
459232,,,CHARLTON,ST,,,CHARLTON ST,731190,dc24abb9-229b-414f-bb76-415e0757039c,388,CHARLTON ST
459233,,,CHASE,CT,,,CHASE CT,740207,100d51ab-76f8-4224-97e7-165bea48e14b,389,CHASE CT
459234,,,CHATANIKA,AVE,,,CHATANIKA AVE,571277,137fdfa2-b922-4fe2-bcd7-7005dd1ee2fd,390,CHATANIKA AVE
459235,,,CHATHAM,ST,,,CHATHAM ST,730207,55a1174b-4cff-458a-8bb6-1e29df8b9f76,391,CHATHAM ST
459236,,,CHATHAM VILLAGE,RD,,,CHATHAM VILLAGE RD,777373,0a74626d-ef53-443a-8ee2-ec08b7530e36,392,CHATHAM VILLAGE RD
459237,,,CHEEVER,ST,,,CHEEVER ST,712136,d8eb5780-b964-4de2-a2f1-404db7a95ebb,393,CHEEVER ST
459238,,,CHELSEA,ST,,,CHELSEA ST,715136,b0ba24d4-cff2-4929-bf66-d0ef2bd96f74,394,CHELSEA ST
459239,,,CHENEY,ST,,,CHENEY ST,693159,91886b14-19fc-462c-8d3b-36a1f3feee4c,395,CHENEY ST
459240,,,CHEQUESSET,RD,,,CHEQUESSET RD,856277,b3f7c5a0-d76b-4a14-8919-e723859077bf,396,CHEQUESET RD
459241,,,CHEROKEE,RD,,,CHEROKEE RD,715369,602f58ca-c6d1-4608-85c2-2b614f6b98c7,397,CHEROKEE RD
459242,,,CHESHIRE,RD,,,CHESHIRE RD,762367,80a140ef-82d7-4acf-9d56-e3f5042e5a47,398,CHESHIRE RD
459243,,,CHESTER,ST,,,CHESTER ST,676361,721db6cb-1655-46db-bea6-b820c8693f97,399,CHESTER ST
459244,,,CHESTER,TER,,,CHESTER TER,664377,d7c5887d-9cae-4d92-913f-1692318f34c7,400,CHESTER TER
459245,,,CHESTERFIELD,RD,,,CHESTERFIELD RD,617272,a773562a-2d3e-4883-8a9e-21b252a80e72,401,CHESTERFIELD RD
459246,,,CHESTNUT,ST,,,CHESTNUT ST,738219,8cd87374-2aa7-4c51-9863-b950809cf30d,402,CHESTNUT ST
459247,,,CHESTNUT HILL,LN,,,CHESTNUT HILL LN,652362,2a7e32c2-9e95-45d4-937e-4a2775601ed3,404,CHESTNUT HILL LN
459248,,,CHEVY CHASE,RD,,,CHEVY CHASE RD,708412,37dc8afa-67d3-4c3e-bba3-9130c2cebef7,405,CHEVY CHASE RD
459249,,,CHEYENNE,RD,,,CHEYENNE RD,718377,0415be7a-c2fa-49d9-87c5-a24ef6e3b2d3,406,CHEYENNE RD
459250,,,CHICOPEE,ST,,,CHICOPEE ST,618225,6a014060-68fa-42e4-b083-f8f6c1bca8fb,407,CHICOPEE ST
459251,,,CHILMARK,CT,,,CHILMARK CT,803237,08bbe23d-1472-4734-9d12-997f7bba3a84,408,CHILMARK CT
459252,,,CHILMARK,ST,,,CHILMARK ST,800234,4d8b788a-5343-446b-9f1e-c7f49c0d6ac9,409,CHILMARK ST
459253,,,CHILTERN HILL,DR,,,CHILTERN HILL DR,652288,fab9a154-172a-40b6-9803-fa7fe63a66d9,410,CHILTERN HILL DR
459254,,,CHILTERN HILL,DR,NORTH,,CHILTERN HILL DR NORTH,648301,c191ba1f-5c2b-4535-a477-076c9173c54a,411,CHILTERN HILL DR N
459255,,,CHINO,AVE,,,CHINO AVE,832355,03f4d82a-ec93-49ce-8f59-63a3e37b3130,412,CHINO AVE
459256,,,CHIPPEWA,RD,,,CHIPPEWA RD,674264,c7034a3f-d93d-46b8-8c26-42a12b26e4b2,413,CHIPPEWA RD
459257,,,CHRISTINE,ST,,,CHRISTINE ST,765353,5ece5d7e-1078-41dc-979f-2d2f63f67eb4,414,CHRISTINE ST
459258,,,CHRISTY,CT,,,CHRISTY CT,794458,9d380f9c-71cb-41a0-a795-2d4dac4be4d6,415,CHRISTY CT
459259,,,CHROME,ST,,,CHROME ST,791188,0e4ed3f2-a793-4d31-a511-6c9d3ead0c38,416,CHROME ST
459260,,,DOLAN,ST,,,DOLAN ST,776391,11287bd3-9c06-4d1c-8b33-2ec64d299f49,585,DOLAN ST
459261,,,DOLLY,DR,,,DOLLY DR,834108,7b857f85-439b-47b1-9948-31d13b128aba,586,DOLLY DR
459262,,,DOMINION,RD,,,DOMINION RD,856275,130c84f6-cadf-401e-86fe-aac4518087bb,587,DOMINION RD
459263,,,DONNA,RD,,,DONNA RD,655349,8002ef84-ab54-4bfe-9c7d-1cbacfc30fc3,588,DONNA RD
459264,,,DORAN,RD,,,DORAN RD,713325,7040ba34-1e71-445d-9c3a-9373c72e4e2f,589,DORAN RD
459265,,,DORCAS,ST,,,DORCAS ST,888139,1384f216-806f-4bf2-b462-38a65a04c9ff,590,DORCAS ST
459266,,,DORCHESTER,ST,,,DORCHESTER ST,775169,d6154474-7b2a-4cb5-845b-6dd5ac785e7c,591,DORCHESTER ST
459267,,,DORIS,ST,,,DORIS ST,753447,9ba8cba4-f498-456c-91d1-d13fa972706c,592,DORIS ST
459268,,,DOROTHY,AVE,,,DOROTHY AVE,774367,1ddd7007-0300-4946-92ca-73f87f39c3c5,593,DOROTHY AVE
459269,,,DORRANCE,ST,,,DORRANCE ST,728141,fcb9dd78-f168-4edd-84b3-9e15d73ee6b8,594,DORRANCE ST
459270,,,DORSET,ST,,,DORSET ST,624261,fe04c224-89aa-49c8-b8e6-500ca91ca940,595,DORSET ST
459271,,,DOUGLAS,CT,,,DOUGLAS CT,705144,ff691f88-fb7d-452d-aab3-fd55ad273f39,596,DOUGLAS CT
459272,,,DOUGLAS,ST,,,DOUGLAS ST,707143,e7efee79-0cd7-43f8-9f96-76940fd32b20,597,DOUGLAS ST
459273,,,DOVER,ST,,,DOVER ST,713242,9889c2cf-a5c3-486f-9541-a83e591092e8,598,DOVER ST
459274,,,DOWNING,ST,,,DOWNING ST,685172,4468750e-7d84-48e9-a5c4-21bc59e08c4e,599,DOWNING ST
459275,,,DOYLE,ST,,,DOYLE ST,777424,4aa86dd5-7af8-4bf0-9615-a16fa285c50d,600,DOYLE ST
459276,,,ELMER,ST,,,ELMER ST,648154,4784d745-e220-4890-9aa0-6322e4e2ad16,661,ELMER ST
459277,,,ELMIRE,AVE,,,ELMIRE AVE,834185,08e6ef3d-55cc-4269-bbbc-7c531f2c0866,662,ELMIRE AVE
459278,,,ELMWOOD,ST,,,ELMWOOD ST,673243,be27b7ff-5acb-49fc-a7fa-a8a8fa72d9f0,663,ELMWOOD ST
459279,,,ELNORA,DR,,,ELNORA DR,790342,f8580b6b-636b-4df7-9a0d-10f5e2d17817,664,ELNORA DR
459280,,,ELTON,ST,,,ELTON ST,853192,306f4301-8e7e-46a7-937d-268e6550acad,665,ELTON ST
459281,,,ELY,ST,,,ELY ST,713191,7eca6660-3a43-4a63-92f9-a998a1e105bc,666,ELY ST
459282,,,EMERSON,RD,,,EMERSON RD,764387,92c7ff80-c113-4065-ac77-ac4f6a56ac84,667,EMERSON RD
459283,,,EMERSON,ST,,,EMERSON ST,823221,88296d6e-62a5-474c-88e1-6e5ff8d433b1,668,EMERSON ST
459284,,,EMERY,ST,,,EMERY ST,850153,0ddbc545-e960-4611-aecc-37c65a1d0998,669,EMERY ST
459285,,,EMILE,ST,,,EMILE ST,830169,af6ac99a-c591-439c-b007-6d4376d0a9c2,670,EMILE ST
459286,,,EMILY,ST,,,EMILY ST,687409,fdb9075c-620d-4078-b168-81ef0e56ba21,671,EMILY ST
459287,,,VAUGHN,AVE,,,VAUGHN AVE,607125,cae08df8-e13e-41d9-af7e-6df509d5544b,1984,VAUGHAN AVE
459288,,,ENDICOTT,ST,,,ENDICOTT ST,749165,fa3f62c8-d84f-46b3-8fb9-0ec4df4dfaca,673,ENDICOTT ST
459289,,,ENFIELD,ST,,,ENFIELD ST,679184,5b73453c-03c6-42de-90fc-c1e8fd32a48c,674,ENFIELD ST
459290,,,ENGLEWOOD,AVE,,,ENGLEWOOD AVE,655183,786c09bc-9273-4739-b240-790bd5c89b1e,675,ENGLEWOOD AVE
459291,,,ENID,ST,,,ENID ST,850164,54eaa8ad-f711-4dff-b0a6-72d1e6f9ba00,676,ENID ST
459292,,,ENVELOPE,TER,,,ENVELOPE TER,804228,baed096a-d34d-4f58-9941-6f593dcda57d,677,ENVELOPE TER
459293,,,EPWORTH,ST,,,EPWORTH ST,731098,e1cef231-2c83-4d7e-b8c5-e46450d8772c,678,EPWORTH ST
459294,,,ERICKSON,CT,,,ERICKSON CT,744059,6d7d314d-ca7b-4160-b76d-2bba0d10e45d,679,ERICKSON CT
459295,,,ERICSSON,ST,,,ERICSSON ST,754348,db355560-0dc6-4fd1-b101-f6241c995d4e,680,ERICSSON ST
459296,,,ERIE,AVE,,,ERIE AVE,826356,35b33697-8c10-41b5-9de1-a7b0b6b91e9c,681,ERIE AVE
459297,,,ERNEST,AVE,,,ERNEST AVE,839178,bd969bf1-1c42-419c-ba77-b463350a221d,682,ERNEST AVE
459298,,,HIDDEN FARMS,DR,,,HIDDEN FARMS DR,646356,1623a8fb-1738-450d-9436-5a8e2b828c45,948,HIDDEN FARM DR
459299,,,ESKOW,RD,,,ESKOW RD,859084,6dba1158-cae3-4c70-88b9-539bcbcdfe4e,684,ESKOW RD
459300,,,ESPER,AVE,,,ESPER AVE,603215,a6a50fd3-5c19-4308-9d75-84b3074dc176,685,ESPER AVE
459301,,,LAURELBROOK,DR,,,LAURELBROOK DR,604150,cd868d22-9341-4bbe-ade5-54105a538678,1142,LAUREL BROOK DR
459302,,,ESTABROOK,RD,,,ESTABROOK RD,695398,5be07d67-0436-47d0-a406-ecb5d14a7a81,687,ESTABROOK RD
459303,,,ESTHER,ST,,,ESTHER ST,758124,95c05529-e004-42ed-ab56-9f9c4f359f06,688,ESTHER ST
459304,,,ETHAN ALLEN,ST,,,ETHAN ALLEN ST,724196,d4c1a63c-5040-4190-8c8a-076d1e2efae0,689,ETHAN ALLEN ST
459305,,,ETHEL,PL,,,ETHEL PL,696143,ac209ff3-ce49-407e-be96-de4044eea9ac,690,ETHEL PL
459306,,,ETRE,DR,,,ETRE DR,912118,30744a9b-f7e2-4834-b054-ed9d55b3cce9,691,ETRE DR
459307,,,EUCLID,AVE,,,EUCLID AVE,756148,8d4053b7-0cc0-4524-9526-7db6e46b98f6,692,EUCLID AVE
459308,,,EUNICE,AVE,,,EUNICE AVE,782378,312176ea-295d-43f6-acd8-f29f49921fa8,693,EUNICE AVE
459309,,,EUREKA,ST,,,EUREKA ST,616123,68d35e54-01c2-4fca-8df2-df738f48f801,694,EUREKA ST
459310,,,EUREKA,TER,,,EUREKA TER,612128,ddb4c006-6eff-4e9e-ac5a-426ffd652fcd,695,EUREKA TER
459311,,,EUSTIS,ST,,,EUSTIS ST,788465,6614cc96-d144-412b-a7f1-1bd0e2400516,696,EUSTIS ST
459312,,,EVELYN,ST,,,EVELYN ST,754076,dc2c7199-894a-4b5f-b830-d5b085417d4b,697,EVELYN ST
459313,,,EVERARD,ST,,,EVERARD ST,788253,42987840-9f34-446a-9341-9c29e8a2ffb2,698,EVERARD ST
459314,,,EVERETT,ST,,,EVERETT ST,736224,a3f651c2-5d38-4754-9383-4132472d3508,699,EVERETT ST
459315,,,EVERETT GAYLORD,BLVD,,,EVERETT GAYLORD BLVD,759234,cc451aae-165f-4f89-b621-0d88dc4834d0,700,EVERETT GAYLORD BLVD
459316,,,EVERGREEN,LN,,,EVERGREEN LN,824138,21d8ab47-24f3-4c32-b154-b6cd1b33a492,701,EVERGREEN LN
459317,,,EVERS,ST,,,EVERS ST,688094,349761f8-5425-40e9-aa5b-ef84ef3992a0,702,EVERS ST
459318,,,EVERTON,AVE,,,EVERTON AVE,806146,d572493f-0c66-4715-a597-d775e4066cad,703,EVERTON AVE
459319,,,EXCHANGE,ST,,,EXCHANGE ST,749221,e5156195-be1f-400c-96ba-eaf2ff9f5fae,704,EXCHANGE ST
459320,,,EXETER,ST,,,EXETER ST,681137,d71d5bb9-85aa-4b1e-8da7-f0210f8d4156,705,EXETER ST
459321,,,FAIRBANKS,ST,,,FAIRBANKS ST,763141,c6979c10-7b7c-40e6-ba6d-57c186ec19de,706,FAIRBANKS ST
459322,,,FAIRFAX,RD,,,FAIRFAX RD,750137,022508c8-27cf-4cde-8412-f8ecd471ddf4,708,FAIRFAX RD
459323,,,FAIRHAVEN,RD,,,FAIRHAVEN RD,770378,f4784283-451e-488c-ad7d-9f4c27015051,710,FAIRHAVEN RD
459324,,,FAIRLAWN,DR,,,FAIRLAWN DR,648203,e00d3444-edca-4dd7-89d3-44bfedee3d17,711,FAIRLAWN DR
459325,,,FAIRMONT,AVE,,,FAIRMONT AVE,805182,51068893-60e6-4313-9839-015ea38e2b3c,712,FAIRMONT AVE
459326,,,FALCON,ST,,,FALCON ST,605112,83aaf310-fac2-4e3e-ab35-0064dc354534,713,FALCON ST
459327,,,FALES,ST,,,FALES ST,767384,bc2523c4-4408-41ad-a32e-47eb3709a3e1,714,FALES ST
459328,,,FALMOUTH,ST,,,FALMOUTH ST,757100,2fe7c6c0-f4e6-4466-9488-de2155e4d489,715,FALMOUTH ST
459329,,,FANTASIA,DR,,,FANTASIA DR,791218,2601ff9a-d29d-4705-a31b-d0b30e5b8af0,716,FANTASIA DR
459330,,,FARADAY,ST,,,FARADAY ST,745254,03fccd86-2b79-4e1e-807e-aa10c8e5a2b9,717,FARADAY ST
459331,,,FARM,ST,,,FARM ST,599199,84a7f002-e901-4627-83f6-074210ca98fa,718,FARM ST
459332,,,FARMINGTON,ST,,,FARMINGTON ST,602111,763e2d5f-6a9e-4a10-833f-7434399c3573,719,FARMINGTON ST
459333,,,FARNUM,ST,,,FARNUM ST,704253,da114435-957c-4d7a-a869-95a97de5d221,720,FARNUM ST
459334,,,FARNUM,TER,,,FARNUM TER,702251,5f9a58b8-a388-46a8-8001-13c81de4d7f9,721,FARNUM TER
459335,,,FARRAR,AVE,,,FARRAR AVE,817174,3b0b2074-0898-483e-a87e-95db3f6f86dc,722,FARRAR AVE
459336,,,FARRINGTON,ST,,,FARRINGTON ST,822182,d5ce7f50-b246-495b-a84e-759464ffc321,723,FARRINGTON ST
459337,,,FARWELL,ST,,,FARWELL ST,775238,5a6a9b5f-1679-4081-bda6-de661aee4f4f,724,FARWELL ST
459338,,,FAUST,ST,,,FAUST ST,605110,f1f13c0f-9ff5-48f7-9537-387db9f90ff5,725,FAUST ST
459339,,,HENRIETTA,ST,,,HENRIETTA ST,753126,fa7910ab-7635-42f9-ba4f-4e987baaf6d8,937,HENRIETTA ST
459340,,,HENRY,ST,,,HENRY ST,783213,7c06ab79-d782-47a5-a07b-e9ee19bd663d,938,HENRY ST
459341,,,HENRY,TER,,,HENRY TER,750096,2356a324-5cf1-4de9-b396-cb3ae977fa64,939,HENRY TER
459342,,,HENSHAW,ST,,,HENSHAW ST,619124,3b44f35c-880d-4aaf-a14c-db9dc81dfd55,940,HENSHAW ST
459343,,,HERBERT,RD,,,HERBERT RD,662228,5af16d1b-710d-4a6f-ae58-29185259c83c,941,HERBERT RD
459344,,,HERMITAGE,LN,,,HERMITAGE LN,781264,d09e3823-705e-4b9d-adc0-32256a02d7a6,942,HERMITAGE LN
459345,,,HERMON,ST,,,HERMON ST,734184,d0a6daff-bf9c-4e43-ad6b-6b5b577b8e66,943,HERMON ST
459346,,,HEROULT,RD,,,HEROULT RD,717391,f13ef5bc-5478-4fc4-a4c4-cf595178f922,944,HEROULT RD
459347,,,HEYWOOD,ST,,,HEYWOOD ST,790155,9f60d44a-dc2a-45d6-b8fa-eceb2fc534df,945,HEYWOOD ST
459348,,,HIBISCUS,DR,,,HIBISCUS DR,650372,85003d9d-fa23-4e8f-abe9-a19e2af396a4,946,HIBISCUS DR
459349,,,HICKORY,DR,,,HICKORY DR,624305,c663d6f2-b762-4d20-9a95-ac63c889b121,947,HICKORY DR
459350,,,HIGGINS,ST,,,HIGGINS ST,756409,54a98ac7-eb29-47d8-81f5-d93e155250c4,949,HIGGINS ST
459351,,,HIGH,ST,,,HIGH ST,737205,ae022de2-4f53-40e4-9f5a-9c9765a94e71,950,HIGH ST
459352,,,HIGH RIDGE,RD,,,HIGH RIDGE RD,641270,4569bca6-077f-47a8-b10d-d2c1c3d8d1e4,951,HIGH RIDGE RD
459353,,,HIGHLAND,ST,,,HIGHLAND ST,717238,14c647ae-04c2-405a-9dd6-57773f43856a,952,HIGHLAND ST
459354,,,HIGHLAND,TER,,,HIGHLAND TER,686242,015f5e6c-fc3d-4ab8-aeb5-85389acba587,953,HIGHLAND TER
459355,,,HIGHROCK,LN,,,HIGHROCK LN,604318,759c99bb-b5ef-42fe-89f6-fbc94a9c97ab,954,HIGH ROCK LN
459356,,,HILDA,ST,,,HILDA ST,806358,5f1604e2-e785-4205-a874-6a5730652bcd,955,HILDA ST
459357,,,HILL,ST,,,HILL ST,776213,03562883-adc7-42d5-876d-84025114570e,956,HILL ST
459358,,,HILL TOP,CIR,,,HILL TOP CIR,639285,4c548ff7-a9fc-4500-a70f-34004e9942ab,957,HILLTOP CIR
459359,,,HILLCREST,AVE,,,HILLCREST AVE,641273,c8934ac7-400b-44b1-9b66-3b6deadee4f2,958,HILLCREST AVE
459360,,,HILLCROFT,AVE,,,HILLCROFT AVE,776364,103d5273-3179-4a3a-aa64-be7a04b545fe,959,HILLCROFT AVE
459361,,,HILLSBORO,RD,,,HILLSBORO RD,794349,2642cb8c-8505-451e-97f5-6f73dac08bc5,960,HILLSBORO RD
459362,,,HILLSIDE,ST,,,HILLSIDE ST,759154,b62674b3-a192-4edf-aa45-45f1c24faad0,961,HILLSIDE ST
459363,,,JUDSON,RD,,,JUDSON RD,721309,8f60c33f-a615-4f2a-9769-26d4a85581d5,1067,JUDSON RD
459364,,,JULIEN,AVE,,,JULIEN AVE,834113,2dc0f6dd-3b8a-4bc3-801c-fe50c6e40326,1068,JULIAN AVE
459365,,,JUNE,ST,,,JUNE ST,649210,b3d51571-dc48-4f57-a67f-5cb8a1e81409,1069,JUNE ST
459366,,,KALMAR,ST,,,KALMAR ST,765356,bc7fc654-89cd-4bf6-9447-ead7629a7cbd,1072,KALMAR ST
459367,,,KANES,CROSSING,,,KANES CROSSING,692308,db876a05-584c-4ec1-9e7a-8689d7e52d58,1073,KANES XING
459368,,,KAY,ST,,,KAY ST,613228,791ba602-c7c9-4ec8-bafc-2a834546a93c,1076,KAY ST
459369,,,KEACH,AVE,,,KEACH AVE,747079,cebe0a71-0836-4e0b-bae1-8eac8a776a21,1077,KEACH AVE
459370,,,KEEN,ST,,,KEEN ST,621085,640b9af0-e30d-4d37-8de1-9a5c8289d40f,1078,KEEN ST
459371,,,KEESE,ST,,,KEESE ST,768194,0c81fc14-97ba-48a7-8b36-a8328838a76f,1079,KEESE ST
459372,,,KELLEY,ST,,,KELLEY ST,801327,8c851b93-688a-4e72-9f48-3975296d3898,1080,KELLEY ST
459373,,,KENBERMA,RD,,,KENBERMA RD,796153,9ff8a5f4-0e3a-46e5-be42-3b5e3bfd2983,1082,KENBERMA RD
459374,,,KENDALL,ST,,,KENDALL ST,767248,652d6e36-0c0b-49a1-a6bb-ca302342a7d7,1083,KENDALL ST
459375,,,KENDRICK,AVE,,,KENDRICK AVE,759367,daf98b94-250c-4950-b35a-708180efba8e,1085,KENDRICK AVE
459376,,,KENMORE,ST,,,KENMORE ST,750442,535d0f89-cf18-451b-a274-3a03f4838502,1087,KENMORE ST
459377,,,KENNEBEC,ST,,,KENNEBEC ST,771468,cefc6bd4-a5fd-4fdd-8ccb-f6537323eef4,1088,KENNEBEC ST
459378,,,KENSINGTON,RD,,,KENSINGTON RD,653255,7ac5e12f-6bd9-42d9-8ca9-69fdc4f247ae,1090,KENSINGTON RD
459379,,,KENYON,AVE,,,KENYON AVE,799162,31907598-0ad5-4bcb-b166-24226dc2f086,1092,KENYON AVE
459380,,,KING,ST,,,KING ST,707190,a0297b8e-b90c-4928-9111-8372aa99b959,1095,KING ST
459381,,,KINGSBURY,ST,,,KINGSBURY ST,703189,d356565f-d925-4918-aec5-063b192723e7,1097,KINGSBURY ST
459382,,,KINGSDALE,ST,,,KINGSDALE ST,697364,5f7511ec-b357-42fb-ae45-f4141cddd0ed,1098,KINGSDALE ST
459383,,,KINNEY,DR,,,KINNEY DR,597277,ddf0ca9d-b57e-4fa2-a56e-577c2617004e,1099,KINNEY DR
459384,,,KINNICUTT,RD,,,KINNICUTT RD,673269,784b2b03-a5bb-497b-9b9b-4aa6f353ed32,1100,KINNICUTT RD
459385,,,KIRKLAND,ST,,,KIRKLAND ST,804145,501d2f8c-95f7-4291-875f-3837381fb2ad,1102,KIRKLAND ST
459386,,,KITTERING,WAY,,,KITTERING WAY,639363,12c67f59-79e6-481a-86c0-bb6cadd5f4f1,1103,KITTERING WAY
459387,,,KNAPP,AVE,,,KNAPP AVE,669344,37207329-27c9-419f-97b3-e19ed047dea3,1105,KNAPP AVE
459388,,,KNIGHT,ST,,,KNIGHT ST,846332,bd47f553-2905-4d61-a2f8-07e5e2ec8f2d,1106,KNIGHT ST
459389,,,KNIGHTSBRIDGE,CLOSE,,,KNIGHTSBRIDGE CLOSE,635366,46baee47-74ba-4fa6-bfd3-8454732fb3d0,1107,KNIGHTSBRIDGE CLOSE
459390,,,KNOLLWOOD,DR,,,KNOLLWOOD DR,671290,69b81b59-2337-4da5-877a-f97dd073cdba,1108,KNOLLWOOD DR
459391,,,KNOWLES,RD,,,KNOWLES RD,645199,a86df957-454b-45fe-ba81-d280c550f4b8,1109,KNOWLES RD
459392,,,KNOWLTON,AVE,,,KNOWLTON AVE,667140,ea033819-9fe4-4f98-a31a-febab90b4b81,1110,KNOWLTON AVE
459393,,,KOPING,ST,,,KOPING ST,776137,98c3f047-a165-4adf-a05a-f0a994fc9be9,1112,KOPING ST
459394,,,KOSTA,ST,,,KOSTA ST,761087,70f05a21-0192-4977-8e57-0d6a672df240,1113,KOSTA ST
459395,,,LACHAPELLE,ST,,,LACHAPELLE ST,847153,59988439-02ce-4d3e-a25c-51568c1be8d5,1114,LACHAPELLE ST
459396,,,LACONIA,RD,,,LACONIA RD,704304,4c409cd7-444c-4b9c-9b74-41a948cd04a5,1115,LACONIA RD
459397,,,LADYBANK,RD,,,LADYBANK RD,766450,08e3ea9e-d68e-4246-ab9d-2c80c444ee90,1116,LADYBANK RD
459398,,,LAFAYETTE,ST,,,LAFAYETTE ST,740172,9ff59078-1815-4914-a726-cf4839489cd9,1117,LAFAYETTE ST
459399,,,LAGRANGE,ST,,,LAGRANGE ST,725181,271c6b55-e93a-491b-9801-000269de2122,1118,LAGRANGE ST
459400,,,OAKHURST,ST,,,OAKHURST ST,851325,1787f8e4-906e-475d-9722-25da92a3fde1,1453,OAKHURST ST
459401,,,OAKLAND,ST,,,OAKLAND ST,659125,58c3478b-8011-4873-b3c4-75bba1dbf58a,1454,OAKLAND ST
459402,,,OAKMONT,RD,,,OAKMONT RD,773476,b7039f16-be81-4555-a256-0ca59f7c2a21,1455,OAKMONT RD
459403,,,OAKWOOD,LN,,,OAKWOOD LN,867114,7669e8ee-d80c-4e77-a002-4f89b46f85c6,1457,OAKWOOD LN
459404,,,OAKWOOD,PL,,,OAKWOOD PL,774245,e48ee7fa-a594-4e4c-a9e1-7233874640ca,1458,OAKWOOD PL
459405,,,OCKWAY,ST,,,OCKWAY ST,877140,47daa777-9a16-44f7-a1a7-b9f6e0b47c52,1460,OCKWAY ST
459406,,,ODEN,AVE,,,ODEN AVE,808249,2bac22ef-1a6d-4c10-81ce-6f349029cc0e,1461,ODEN AVE
459407,,,OGDEN,TER,,,OGDEN TER,755437,8fb01590-5c08-4c0a-b1d9-ac9afdea4c50,1462,OGDEN TER
459408,,,OLD COLONY,RD,,,OLD COLONY RD,684296,c7e8f164-b1fa-4e2c-b5d8-c24f7b998a66,1464,OLD COLONY RD
459409,,,OLD BROOK,DR,,,OLD BROOK DR,648311,cfb82ce4-1aca-4453-ae41-2d487d3b7ac6,1465,OLD BROOK DR
459410,,,OLD ENGLISH,RD,,,OLD ENGLISH RD,660321,8d899b81-9910-481b-9b52-ae4c08e8ecf5,1467,OLD ENGLISH RD
459411,,,BALDWIN,ST,,,BALDWIN ST,852149,400a612b-d756-4637-affc-e71f8d319ccf,139,BALDWIN ST
459412,,,BALIS,AVE,,,BALIS AVE,863105,167420a5-319d-4ee0-acc1-919ef55106bd,140,BALIS AVE
459413,,,BALL,ST,,,BALL ST,646154,3a73cd09-93ac-44a9-8508-72f068736d28,141,BALL ST
459415,,,BALMORAL,ST,,,BALMORAL ST,613290,77e0b62e-c310-4c6c-9580-a28370e1a4a2,143,BALMORAL ST
459416,,,BALTIC,RD,,,BALTIC RD,767121,2b331a76-1682-480e-b36d-6873138436e9,144,BALTIC RD
459417,,,BANCROFT,ST,,,BANCROFT ST,700197,9bd689fa-b9d9-4ecb-893d-576711e63803,145,BANCROFT ST
459418,,,BANCROFT TOWER,RD,,,BANCROFT TOWER RD,706257,db58598b-7747-44f3-a9a0-88efbe4d0c2b,146,BANCROFT TOWER RD
459419,,,BANGOR,ST,,,BANGOR ST,844168,69d9360e-d5d9-44a6-b499-67918a36fc94,147,BANGOR ST
459420,,,BARBARA,LN,,,BARBARA LN,779198,1991fe43-cf19-4318-837e-0911e7b00d19,149,BARBARA LN
459421,,,BARBER,AVE,,,BARBER AVE,752342,b7f39f93-b0b9-4841-97d6-e907608db0ed,150,BARBER AVE
459422,,,BARCLAY,ST,,,BARCLAY ST,779177,18c1dc71-cef3-4947-9da8-a7b75b8279df,151,BARCLAY ST
459423,,,BARNARD,RD,,,BARNARD RD,765315,0f6cbc7f-7bce-4723-9cd6-b6fa83e89396,152,BARNARD RD
459424,,,BARNES,AVE,,,BARNES AVE,728310,b9efd452-ba9f-4d13-a889-bc172825f65d,153,BARNES AVE
459425,,,BARNSTABLE,RD,,,BARNSTABLE RD,703318,74914a00-47f5-450d-89d7-920c3720add4,154,BARNSTABLE RD
459426,,,BARR,ST,,,BARR ST,640248,887cb68f-7828-4eae-b3de-35b198938800,155,BARR ST
459427,,,BARRETT,AVE,,,BARRETT AVE,676350,3b274e73-f915-4516-a3c8-44aaf34c2168,156,BARRETT AVE
459428,,,BARROWS,RD,,,BARROWS RD,620353,05c58a2d-d029-447f-86d8-39dd0a22fdd6,157,BARROWS RD
459429,,,BARRY,RD,,,BARRY RD,649354,a3d48332-9cf1-4870-ba00-54923df68c92,158,BARRY RD
459430,,,BARTON,PL,,,BARTON PL,741209,e43fb871-417e-4e13-a2e9-e5b0b6605def,160,BARTON PL
459431,,,BATAVIA,ST,,,BATAVIA ST,809152,9a0de62c-4e1f-41c5-8054-c05f9f14c4f1,161,BATAVIA ST
459432,,,BAUER,ST,WEST,,BAUER ST WEST,598115,677925aa-3b31-438d-9387-a7a6a8ae6a01,165,BAUER ST W
459433,,,BEVERLY,RD,,,BEVERLY RD,796335,0eed9cf4-3356-4dab-995a-fe5c2b703cbb,220,BEVERLY RD
459434,,,BLITHEWOOD,TER,,,BLITHEWOOD TER,843115,bc71596e-6feb-4675-9c27-bb9ffe598d8a,242,BLITHEWOOD TER
459435,,,BLODGETT,PL,,,BLODGETT PL,783252,cb960751-2766-46f4-a78b-5b5dcac6a185,243,BLODGETT PL
459436,,,BLUFF,ST,,,BLUFF ST,701195,461f1167-6672-41f5-a7b1-3e050bd09741,248,BLUFF ST
459437,,,BONAIR,RD,,,BONAIR RD,892101,b1064841-d85b-46ab-9d19-33e536c42372,251,BONAIR RD
459438,,,BONNYBROOK,RD,,,BONNYBROOK RD,703380,da298d28-827e-440a-b4a7-e967a0aa6b98,252,BONNYBROOK RD
459439,,,BORAS,ST,,,BORAS ST,754106,68d2fbd5-2c6f-4331-995d-fbd9033cdb3a,253,BORAS ST
459440,,,BOSTON,AVE,,,BOSTON AVE,853184,4670b134-8ae4-41e9-b91a-fe2442f9371f,254,BOSTON AVE
459441,,,BOTANY BAY,RD,,,BOTANY BAY RD,641197,a540adbd-1ca0-4bc1-a999-558d3fc8c9b4,255,BOTANY BAY RD
459442,,,BOTHNIA,ST,,,BOTHNIA ST,748105,53d3c8a5-681c-4837-8788-288e76fa1793,256,BOTHNIA ST
459443,,,BOWDITCH,DR,,,BOWDITCH DR,855341,0be46c84-2ec4-443a-b501-2d80235d7b14,258,BOWDITCH DR
459444,,,BOWDOIN,ST,,,BOWDOIN ST,733227,ca24e76a-00d5-4575-b7cd-645fdd869dc3,259,BOWDOIN ST
459445,,,BOWLING GREEN,LN,,,BOWLING GREEN LN,551288,98fd45d2-764e-4eb8-8e6c-d25c423cb876,261,BOWLING GREEN LN
459446,,,BOYCE,ST,,,BOYCE ST,653087,2a17c55f-259f-49af-9e2b-6d60b7cc75de,263,BOYCE ST
459447,,,BOYD,ST,,,BOYD ST,730324,8e5e2697-5259-486e-9e64-6e78092478bb,264,BOYD ST
459448,,,BOYLSTON,ST,,,BOYLSTON ST,844346,c49731cc-3d90-4238-8749-292a878fc874,266,BOYLSTON ST
459449,,,LEO TURO,WAY,,,LEO TURO WAY,771210,50d58fc1-d88d-4d3b-945f-e4d75173e202,268,LEO TURO WAY
459450,,,BRANCH,ST,,,BRANCH ST,788187,0485f33f-454e-4358-b2a2-31eadbea7667,269,BRANCH ST
459451,,,BRANTWOOD,RD,,,BRANTWOOD RD,626258,b6028134-1e1e-4f3e-b0f2-c5203bf2f5f1,271,BRANTWOOD RD
459452,,,BRECK,ST,,,BRECK ST,789261,03712140-dbcf-4a3b-9a6a-5fc41a13496d,273,BRECK ST
459453,,,BREEZE,DR,,,BREEZE DR,612232,bad8cea1-ec7a-4818-a5c3-9d47225ef1f0,274,BREEZE DR
459454,,,BREWER,ST,,,BREWER ST,617329,5b040318-0b57-45b1-818f-109eb7467597,276,BREWER ST
459455,,,BRIAR,LN,,,BRIAR LN,817417,27367760-dc53-4191-8867-617c0cdf25ab,278,BRIAR LN
459456,,,BRIDEN,ST,,,BRIDEN ST,753261,0744d957-e83d-4fc6-901a-ad449d6d04b7,281,BRIDEN ST
459457,,,BRIDLE,PATH,,,BRIDLE PATH,882172,435e0680-42f8-4355-8208-ac0b196e5b18,284,BRIDLE PATH
459458,,,BRIERWAY,DR,,,BRIERWAY DR,850106,108ca079-8d4d-4a5d-a618-045c85a3d736,286,BRIERWAY DR
459459,,,BRITTAN,LN,,,BRITTAN LN,779292,eb5fbab2-6d60-4ed3-acd4-19a968c55b88,291,BRITTAN LN
459460,,,BROOK HILL,DR,,,BROOK HILL DR,649318,4aa3e46c-eb9b-45d5-ac2c-496461798fec,292,BROOK HILL DR
459461,,,BUTTON,ST,,,BUTTON ST,768422,0bfdaaaf-fd00-4fd6-a267-02660d7f0f2b,327,BUTTON ST
459462,,,CABOT,ST,,,CABOT ST,653173,7dc6653d-8cf7-4559-aae4-67165af4e713,329,CABOT ST
459463,,,CADORNA,RD,,,CADORNA RD,851277,45745c0f-0d87-4550-833f-1b03519e8353,331,CADORNA RD
459464,,,CALMIA,ST,,,CALMIA ST,672214,b2d50a6f-7e02-46f1-9f2d-bb0d3acafd45,332,CALMIA ST
459465,,,CAMASSA,TER,,,CAMASSA TER,798225,c5192161-17ad-4cdc-8cbe-b6d7b30592d7,334,CAMASSA TER
459466,,,CAMBRIDGE,PL,,,CAMBRIDGE PL,738144,72fc3a33-fb30-4413-9df9-60aa59c17510,335,CAMBRIDGE PL
459467,,,CAMDEN,AVE,,,CAMDEN AVE,812143,1e4956e2-65c1-450c-b4b7-4b91755010fa,337,CAMDEN AVE
459468,,,CAMERON,ST,,,CAMERON ST,824224,6a483da1-16a0-466b-b191-356d2d7ab9b3,339,CAMERON ST
459469,,,CANDLEWOOD,PL,,,CANDLEWOOD PL,817402,b53febeb-e1b1-48b3-b852-263296b755e1,341,CANDLEWOOD PL
459470,,,BEECHMONT,ST,,,BEECHMONT ST,701262,ba0ef644-62f9-4f6b-82b2-9eab310649da,190,BEECHMONT ST
459471,,,BEL AIR,ST,,,BEL AIR ST,639291,6981f4d3-9c6a-49fb-9faf-70ef34858a03,191,BEL AIR ST
459472,,,BELCOURT,RD,,,BELCOURT RD,857280,b0f173ee-279f-45e9-803f-e9141a4312f0,192,BELCOURT RD
459473,,,BELISLE,AVE,,,BELISLE AVE,701094,69b0298a-3c4f-46db-b68a-ccb9dec9715b,193,BELISLE AVE
459474,,,BELLEVUE,ST,,,BELLEVUE ST,703203,be3370ab-f750-43c2-ba63-e6e89dde2afd,194,BELLEVUE ST
459475,,,BELLINGHAM,RD,,,BELLINGHAM RD,782363,06750873-ade5-48b4-b8d2-062aa77b2f3d,195,BELLINGHAM RD
459476,,,BELLVISTA,RD,,,BELLVISTA RD,623255,fbb5068c-1b9e-4cc2-affc-3bd3d2837314,196,BELLVISTA RD
459477,,,BELMONT,ST,,,BELMONT ST,812248,f26889d6-44bf-46b5-9571-af98549b765b,197,BELMONT ST
459478,,,BELVIDERE,AVE,,,BELVIDERE AVE,778318,44063c07-73e7-4bff-b761-c469e465badc,198,BELVIDERE AVE
459479,,,BEN,DR,,,BEN DR,876178,2aebd232-2763-4a1a-9778-5bc39ae2027b,199,BEN DR
459480,,,BENEDICT,RD,,,BENEDICT RD,822219,f1395b87-87fc-466f-b1b3-bf007c465938,200,BENEDICT RD
459481,,,BENEFIT,ST,,,BENEFIT ST,718177,a1955f28-628c-4b94-b0e6-1e0bd880e7f8,201,BENEFIT ST
459482,,,BENEFIT,TER,,,BENEFIT TER,717176,51cd070c-a233-4bad-ae1d-c7a995c14b77,202,BENEFIT TER
459483,,,BENHAM,ST,,,BENHAM ST,846167,9610d6f2-d488-469d-b3d3-3493694c049a,203,BENHAM ST
459484,,,BENJAMIN,RD,,,BENJAMIN RD,593271,e6bfbc80-17a4-410c-9390-ef2d7dc4d412,204,BENJAMIN RD
459485,,,BENOIT,ST,,,BENOIT ST,847156,95480bb8-df36-443b-bb94-bcb1989ea901,205,BENOIT ST
459486,,,BENSON,AVE,,,BENSON AVE,842333,6fbb39f9-05d9-49f3-a8ef-8371d83b4404,207,BENSON AVE
459487,,,BENSON,AVE,,EXT,BENSON AVE EXT,843331,6378c4df-8662-4058-9ad7-5f4734c58464,208,BENSON AVE EXT
459488,,,BENSON,CT,,,BENSON CT,747063,c6f96dac-c164-4517-8a6d-07b2782183b1,209,BENSON CT
459489,,,BENSON,ST,,,BENSON ST,830146,912eae00-e186-494c-ba5a-5c069d175c2f,210,BENSON ST
459490,,,BERGIN,LN,,,BERGIN LN,622187,f07d97d5-6844-4e82-9135-a0768a242224,211,BERGIN LN
459491,,,BERGSTROM,RD,,,BERGSTROM RD,791407,17e127af-d90c-43fb-8be1-b96e13e2431c,212,BERGSTROM RD
459492,,,CARRIAGE HOUSE,LN,,,CARRIAGE HOUSE LN,703400,e919bacf-e72e-4957-bc1e-bed463622995,3575,CARRIAGE HOUSE LN
459493,,,BERKMANS,ST,,,BERKMANS ST,668220,a7c5d0f0-9944-4ac2-97d6-a1ee5eb00ee9,214,BERKMANS ST
459494,,,BERKSHIRE,ST,,,BERKSHIRE ST,724236,5d02409c-0c5e-4372-8246-a94a00672061,215,BERKSHIRE ST
459495,,,BERNICE,ST,,,BERNICE ST,655091,6c94a7de-9724-441a-8505-b760401596e3,216,BERNICE ST
459496,,,BERWICK,LN,,,BERWICK LN,655264,74b9719f-4a31-4b37-942d-60798dbb9da1,217,BERWICK LN
459497,,,BERWICK,ST,,,BERWICK ST,653266,d1d17605-e01d-4eaf-9e25-0369a951ccea,218,BERWICK ST
459498,,,BETHANY,ST,,,BETHANY ST,825146,d6a8fd4e-bd1e-43f6-83e7-2bdb6eff7fba,219,BETHANY ST
459499,,,DIXON,AVE,,,DIXON AVE,789304,83ca5262-d1c0-4c82-bc2a-ad6cabd23cfa,581,DIXON AVE
459500,,,BIGELOW,ST,,,BIGELOW ST,742169,0e906b91-6b05-487b-b713-377427a22d4c,222,BIGELOW ST
459501,,,VIG'S,WAY,,,VIG'S WAY,887131,3018b817-3de8-4aa9-9be7-2df4b68a8b42,20005,VIGS WAY
459502,,,BILLOW,ST,,,BILLOW ST,888134,b51f1b0f-4db7-4fa3-be8c-c410012f4b9a,224,BILLOW ST
459503,,,BILTMORE,RD,,,BILTMORE RD,630267,bf4bf885-1395-49d3-81d2-612e1ca09493,225,BILTMORE RD
459504,,,BIRCH,ST,,,BIRCH ST,673167,635650aa-df6d-4746-ad39-523da0994be2,226,BIRCH ST
459505,,,BIRCH HILL,RD,,,BIRCH HILL RD,721400,0eee32e6-6d84-47fd-8f2e-357aef53c802,227,BIRCH HILL RD
459506,,,BIRCHWOOD,RD,,,BIRCHWOOD RD,645350,6ea400ee-d712-48d1-bf80-3c2d3968aab2,228,BIRCHWOOD RD
459507,,,BIRD,ST,,,BIRD ST,856185,d115014d-35f2-465f-8f07-63ae0f780346,229,BIRD ST
459508,,,BIRMINGHAM,RD,,,BIRMINGHAM RD,775403,266d6df6-8ef7-486a-9442-d629f89a7088,230,BIRMINGHAM RD
459509,,,BISHOP,AVE,,,BISHOP AVE,636147,46b4b5ce-eed3-4f7d-9ddf-5c4733f891ff,231,BISHOP AVE
459510,,,BISLAND,RD,,,BISLAND RD,753059,1fa7de7a-dce0-4fcc-aaed-2988fdaf6e18,232,BISLAND RD
459511,,,BJORKLUND,AVE,,,BJORKLUND AVE,677373,4757e0c4-6ec1-4056-a8d2-a3b2718eb3c4,233,BJORKLUND AVE
459512,,,ANNA,ST,,,ANNA ST,861221,d573db7c-8912-4a4c-a1f2-ee81accdce36,66,ANNA ST
459513,,,ANNISQUAM,ST,,,ANNISQUAM ST,614256,75700e91-9bd2-47ad-a3a4-bdae98c4e871,67,ANNISQUAM ST
459514,,,JUDITH,RD,,,JUDITH RD,634200,a5c33df8-218a-439e-9ade-9560942a1d80,1066,JUDITH RD
459515,,,HAMILTON,ST,,,HAMILTON ST,826187,71533c71-dac0-4878-babd-d163fa365311,890,HAMILTON ST
459516,,,AVERY,PATH,,,AVERY PATH,618170,a3781f27-16e4-44b6-81a9-ce6217b1ea8e,13050,AVERY PATH
459517,,,HAMMOND,ST,,,HAMMOND ST,716171,1d44ef7e-ee25-4ec4-85eb-2658667652c3,891,HAMMOND ST
459518,,,HAMPDEN,ST,,,HAMPDEN ST,722233,98254aeb-8199-403a-9598-2e20f29fce65,892,HAMPDEN ST
459519,,,HAMPTON,ST,,,HAMPTON ST,817137,ba963c5e-bc1f-4dba-a3b4-f2b9a2aac34a,893,HAMPTON ST
459520,,,HANCOCK,ST,,,HANCOCK ST,699165,2794316b-e499-492b-9388-eaf4b0079d7c,894,HANCOCK ST
459521,,,ALDRICH,ST,,,ALDRICH ST,737210,a925a0d9-512c-4d40-91e7-15b630a59971,40,ALDRICH ST
459522,,,LIBRARY,LN,,,LIBRARY LN,748198,cfd559ad-e016-469d-a49a-895d5e3032de,1167,LIBRARY LN
459523,,,LISBON,ST,,,LISBON ST,654182,9765f7a0-f3ec-4cd5-ae02-40b38291fd59,1174,LISBON ST
459524,,,LODGE,ST,,,LODGE ST,822142,40fea670-1e2c-4129-b011-063a443ff3c4,1180,LODGE ST
459525,,,LORENZ,ST,,,LORENZ ST,797342,72895050-643c-472a-a5a7-74b8263613f3,1187,LORENZ ST
459526,,,LORION,AVE,,,LORION AVE,777384,5fa77039-a99b-4cbb-a9dd-6172c2860e84,1190,LORION AVE
459527,,,LOVELL,DR,,,LOVELL DR,665188,88f858c6-9d94-4172-86d4-debad5192a1c,1194,LOVELL DR
459528,,,LOWELL,CT,,,LOWELL CT,678153,5ef2ec4d-ad0b-4030-978d-31d94d5ddeb3,1197,LOWELL CT
459529,,,LOXWOOD,ST,,,LOXWOOD ST,779137,6c03a7bb-ef1d-463d-a5e9-44daa7d2b590,1200,LOXWOOD ST
459530,,,LULEA,ST,,,LULEA ST,718318,cd750031-a7d0-40a6-9fda-5c3eac82ced8,1204,LULEA ST
459531,,,LUNDBERG,ST,,,LUNDBERG ST,767071,562ea942-7370-42cd-955d-88fb7509d695,1207,LUNDBERG ST
459532,,,LYFORD,ST,,,LYFORD ST,768293,e5c84586-d17a-470b-9f28-f0f2b78d2b55,1210,LYFORD ST
459533,,,MADISON,ST,,,MADISON ST,744188,d0b1468a-9351-42f0-b2eb-d075e160cd9e,1220,MADISON ST
459534,,,MALLARD,RD,,,MALLARD RD,747062,af278051-2b14-47a4-8101-536d6ad85622,1227,MALLARD RD
459535,,,MANILA,ST,,,MANILA ST,683255,ddb2d2a9-809a-4786-875d-151b722ed286,1231,MANILA ST
459536,,,MANOMET,ST,,,MANOMET ST,648156,b25b94a6-2a90-4341-90fc-4b4b6a020703,1233,MANOMET ST
459537,,,MANOR,ST,,,MANOR ST,651214,4c529763-1e6f-4a89-a9d6-02ad8058e66c,1234,MANOR ST
459538,,,MAPLE,TER,,,MAPLE TER,742219,00763444-8e27-43a7-be20-9e1c9d5aa20c,1236,MAPLE TER
459539,,,MAPLELEAF,RD,,,MAPLELEAF RD,600266,c0b33131-ba72-4fb9-893d-b462b3a622c9,1238,MAPLELEAF RD
459540,,,MAPLEWOOD,AVE,,,MAPLEWOOD AVE,789493,e61225a6-6b79-4452-8b85-8ddc80307b28,1239,MAPLEWOOD AVE
459541,,,MARANDA,ST,,,MARANDA ST,837158,f508bd15-57e7-4b9d-b5ff-e9074f5d1aaf,1241,MARANDA ST
459542,,,MARAVISTA,RD,,,MARAVISTA RD,731437,cfd83890-f241-44b6-a11f-b76d5bdcd61a,1243,MARAVISTA RD
459543,,,MARBLE,ST,,,MARBLE ST,674158,aaa2332e-dbd7-487d-b0ff-a934044ce4fc,1244,MARBLE ST
459544,,,MARCHEN,DR,,,MARCHEN DR,705423,7d2849a0-62a5-459d-b4ed-73b6aff6a14a,1246,MARCHEN DR
459545,,,MARCIUS,RD,,,MARCIUS RD,810055,51aa01cb-2165-4baa-8fa0-b64825484561,1247,MARCIUS RD
459546,,,MARCONI,RD,,,MARCONI RD,713391,6b91a18f-8cc9-4a4d-a185-e4f68183aed1,1248,MARCONI RD
459547,,,MARCY,ST,,,MARCY ST,642213,11a7b45a-0efa-4f62-8e47-b761fe72e5a0,1249,MARCY ST
459548,,,MARDEN,ST,,,MARDEN ST,766343,aab89945-d3c2-45ac-92f7-dc3d5258d6af,1250,MARDEN ST
459549,,,MARGIN,ST,,,MARGIN ST,873124,125bf562-5750-40c6-b9c2-856e2741976e,1251,MARGIN ST
459550,,,MARION,AVE,,,MARION AVE,774164,51a79000-f508-457e-97dd-e260390c1ef6,1253,MARION AVE
459551,,,MARJORIE,ST,,,MARJORIE ST,842171,b4143a4c-e465-4b8e-b94c-a1274d53eb70,1254,MARJORIE ST
459552,,,MARLAND,CT,,,MARLAND CT,771405,9e5826cd-da10-46a0-9282-899a82545a5a,1256,MARLAND CT
459553,,,MARLAND,RD,,,MARLAND RD,767406,4ff43c37-ab32-4cb7-9eff-67eeeeb964e2,1257,MARLAND RD
459554,,,MARMION,AVE,,,MARMION AVE,772356,8929aba0-3c8c-4fb2-9a20-5dc07ae6b213,1259,MARMION AVE
459555,,,MARS,ST,,,MARS ST,762128,43e97b3c-5f22-4326-838e-af15ecd84cf0,1260,MARS ST
459556,,,MARSH,AVE,,,MARSH AVE,808308,57498387-ff27-476f-920c-54ab622b7e85,1261,MARSH AVE
459557,,,MARTHA,AVE,,,MARTHA AVE,777348,afc92cf4-c75c-4f7c-aaa7-776e3cffff1a,1264,MARTHA AVE
459558,,,MARWOOD,RD,,,MARWOOD RD,623264,8ca592bb-bab2-413a-9904-dfbae5f600b8,1266,MARWOOD RD
459559,,,MARY SCANO,DR,,,MARY SCANO DR,807252,5b22fcb4-48ec-4690-8961-d3dd0ef0b80c,1269,MARY SCANO DR
459560,,,MASON,CT,,,MASON CT,695194,8defa865-130b-4679-bad1-bff69776a6d0,1270,MASON CT
459561,,,MASON,ST,,,MASON ST,698198,eb1cd616-d98c-490f-9846-6bcdcc039b93,1271,MASON ST
459562,,,MATTEO,ST,,,MATTEO ST,794454,e8c31d4d-dc83-461d-b06a-bd92d3eb4473,1274,MATTEO ST
459563,,,MATTSON,AVE,,,MATTSON AVE,733342,2a1c1306-a8bf-4e4a-b8cc-4251abcc9d9c,1276,MATTSON AVE
459564,,,MAURICE,ST,,,MAURICE ST,830159,ce87eaa8-5f66-468e-9590-bc9f7d18e05b,1277,MAURICE ST
459565,,,MAXDALE,RD,,,MAXDALE RD,618261,ff550dfb-e92f-4bab-96a7-008efe041f9e,1279,MAXDALE RD
459566,,,MAXWELL,CT,,,MAXWELL CT,750127,7a6d5047-e132-4e40-98a6-13fd699cf90c,1280,MAXWELL CT
459567,,,MAXWELL,ST,,,MAXWELL ST,751128,a6c9d4f5-c28b-45e6-9dd7-75bb407c5870,1281,MAXWELL ST
459568,,,MAYBROOK,PL,,,MAYBROOK PL,676190,5682dd6c-5f69-45ec-a237-981251086491,1283,MAYBROOK PL
459569,,,MAYFAIR,ST,,,MAYFAIR ST,670191,b81d29c5-8326-4935-abaf-f1a9206140eb,1284,MAYFAIR ST
459570,,,MAYFLOWER,CIR,,,MAYFLOWER CIR,776389,8db8e929-f784-4570-9099-42e22459cde3,1286,MAYFLOWER CIR
459571,,,MAYSIDE,LN,,,MAYSIDE LN,703184,6f8b35a1-02a9-42a4-b500-4b4ddc76f9a9,1287,MAYSIDE LN
459572,,,MAYWOOD,ST,,,MAYWOOD ST,675171,f08bcf14-f15b-4f6c-b41e-e9c03b9c4f56,1289,MAYWOOD ST
459573,,,MCFARLAND,CT,,,MCFARLAND CT,785197,e35f123f-0b3f-4232-b9a4-fe81fe859177,1291,MCFARLAND CT
459574,,,MCGILL,ST,,,MCGILL ST,747109,088a551e-7330-4bc0-ab2d-91188f60d7dc,1292,MCGILL ST
459575,,,MCKEON,RD,,,MCKEON RD,740121,3ceae1f0-6619-4131-9112-a6f55a23882e,1293,MCKEON RD
459576,,,NATHANIEL,CT,,,NATHANIEL CT,887114,dff9ab6e-15c8-43c9-849f-5a923ad1afb1,1394,NATHANIEL CT
459577,,,NATHANIEL,ST,,,NATHANIEL ST,885115,0fd9f3ac-4aac-4fa1-9bbd-aea18a63de9d,1395,NATHANIEL ST
459578,,,NATICK,ST,,,NATICK ST,839245,a431548e-05da-4b93-8fcc-9ce1d6847905,1396,NATICK ST
459579,,,NATURAL HISTORY,DR,,,NATURAL HISTORY DR,861294,21983335-3feb-45ec-9f83-7a952e921c25,1397,NATURAL HISTORY DR
459580,,,NATURAL HISTORY,RD,,,NATURAL HISTORY RD,857304,59635a43-6267-48eb-9e25-0c89bc591f9a,1398,NATURAL HISTORY RD
459581,,,NAVASOTA,AVE,,,NAVASOTA AVE,574277,7a2a5de5-dd3c-43b3-a1fc-9836b254362c,1399,NAVASOTA AVE
459582,,,NEBRASKA,ST,,,NEBRASKA ST,803227,2e46e80c-14b1-4002-8d47-2a2716fd659a,1400,NEBRASKA ST
459583,,,NEEL,RD,,,NEEL RD,663385,e54d4d12-87b3-42f7-a160-61a9e96d189c,1401,NEEL RD
459584,,,NELSON,PL,,,NELSON PL,690329,d45d92c0-4298-4a4a-8028-0f6688e8f1ec,1402,NELSON PL
459585,,,NELSON PARK,DR,,,NELSON PARK DR,690333,b23fe949-9fe7-4423-934c-154e103a9ca8,1403,NELSON PARK DR
459586,,,WOODRIDGE,RD,,,WOODRIDGE RD,764368,70936107-6d00-4bce-8823-a3f0ca9ea8f5,2160,WOODRIDGE RD
459587,,,WOODROW,ST,,,WOODROW ST,857200,f191be53-1fa3-41de-a0fa-be0d73cd6357,2161,WOODROW ST
459588,,,WOODS,AVE,,,WOODS AVE,694410,4afe3c71-c584-436b-92c0-ca0b807f2f7e,2162,WOODS AVE
459589,,,WOODWARD,ST,,,WOODWARD ST,709136,06b48c93-43ba-4426-a30a-8d074507c563,2163,WOODWARD ST
459590,,,WOOLFENDEN,ST,,,WOOLFENDEN ST,692100,c93d8c58-c355-4e03-b6b1-8bde9861fd18,2164,WOOLFENDEN ST
459591,,,MAJOR TAYLOR,BLVD,,,MAJOR TAYLOR BLVD,755219,dff793d7-5bd8-4614-9d2c-825591b4fe96,2165,MAJOR TAYLOR BLVD
459592,,,WORTH,ST,,,WORTH ST,751162,45a7f1e0-630b-42dd-a417-a783583c23ea,2166,WORTH ST
459593,,,DORISTA J GOLDSBERRY,DR,,,DORISTA J GOLDSBERRY DR,821256,b0d1e37a-eaff-42ad-96a9-a14b989f1a66,5925,DORISTA J GOLDSBERRY DR
459594,,,WYMAN,ST,,,WYMAN ST,697163,939d13ea-a951-449d-8d23-b99d2479b66f,2168,WYMAN ST
459595,,,WYOLA,DR,,,WYOLA DR,619157,7a777a02-a3a2-4363-ad9c-6002964bf50f,2169,WYOLA DR
459596,,,SOHEILI,CIR,,,SOHEILI CIR,584291,b4e23f7d-0efa-416b-8a40-e6ff871310f1,14687,SOHEILI CIR
459597,,,YALE,ST,,,YALE ST,684259,118c0e8c-26b1-4c0e-ae90-6df1fc9a361c,2171,YALE ST
459598,,,YOUNG,ST,,,YOUNG ST,639135,bd875c50-13ad-412e-8d5d-2a91f6afed82,2172,YOUNG ST
459599,,,YUKON,AVE,,,YUKON AVE,836353,4a860e21-0ef6-437f-8453-e9a4c3c387bc,2173,YUKON AVE
459600,,,YVETTE,ST,,,YVETTE ST,841176,46407e48-3225-402f-91fa-d0d3a1397adb,2174,YVETTE ST
459601,,,YWCA,WAY,,,YWCA WAY,749197,1be25a42-a2ff-4776-b491-ceff7c5a76ca,2175,YWCA WAY
459602,,,ZENITH,DR,,,ZENITH DR,633215,f76a36e6-5c78-4c43-a41e-e4106a3794a1,2176,ZENITH DR
459603,,,PASSWAY 5,,,,PASSWAY FIVE,597190,468c4ec2-1f37-4709-bbf1-15a98b347c78,2178,PASSWAY 5
459604,,,PASSWAY 4,,,,PASSWAY FOUR,598193,0bbccf2e-d42f-4f11-a28d-a42d063ee126,2179,PASSWAY 4
459605,,,PASSWAY 6,,,,PASSWAY SIX,595189,465f0a46-f0bd-4599-969b-c7b6a374ab67,2181,PASSWAY 6
459606,,,PASSWAY 3,,,,PASSWAY THREE,601197,4d6bb4cd-93a4-451e-8d83-f8375622e865,2182,PASSWAY 3
459607,,,NEW,ST,,EXT,NEW ST EXT,763294,82e4ff46-6e30-40d6-b147-8bf85e0765d9,2183,NEW ST EXT
459608,EAST,,CENTRAL,ST,,,EAST CENTRAL ST,770218,0341757e-7054-4d88-a382-1a4c8b708bd8,2184,E CENTRAL ST
459609,EAST,,KENDALL,ST,,,EAST KENDALL ST,781247,2f7eeb83-86fb-4282-b1d6-6da1143f580c,2185,E KENDALL ST
459610,EAST,,LAKE,ST,,,EAST LAKE ST,880172,8452b8ab-bd84-482e-980a-b8e44f7f7e27,2186,E LAKE ST
459611,EAST,,SHELBY,ST,,,EAST SHELBY ST,779226,7e71fd7a-c6cc-4874-bd25-35bc9d66789a,2187,E SHELBY ST
459612,NORTH,,ASHLAND,ST,,,NORTH ASHLAND ST,731230,76952df9-0f93-437e-a8b5-bfbdbd9a1add,2188,N ASHLAND ST
459613,,,TAMPA,ST,,,TAMPA ST,825239,b52a6a26-48bf-4390-aede-552ac5e22467,1899,TAMPA ST
459614,,,FROSTHOLM,ST,,,FROSTHOLM ST,740325,5f0c022d-410b-4346-98af-9bafb2335764,,FROSTHOLM ST
459615,,,SHOREHAM,ST,,,SHOREHAM ST,704353,8fcd9060-216e-4f64-a52e-cd46866c4ec8,1784,SHOREHAM ST
459616,,,SHORT,ST,,,SHORT ST,872129,bf36e339-5849-420f-8002-d91fa4caabb6,1785,SHORT ST
459617,,,SHREWSBURY,ST,,,SHREWSBURY ST,797227,84a2f04a-5104-483c-98a7-ae17e587cf4f,1786,SHREWSBURY ST
459618,,,SIERRA,ST,,,SIERRA ST,623252,b96ee79c-ca5f-4600-929e-251ec681b102,1787,SIERRA ST
459619,,,SIGEL,ST,,,SIGEL ST,742167,631a9a4f-13c8-4695-b7bd-89b0ea4afdff,1788,SIGEL ST
459620,,,SIGOURNEY,ST,,,SIGOURNEY ST,748284,c423ff09-a5c7-47e9-ad9a-72eb9d264ea8,1789,SIGOURNEY ST
459621,,,SILVER,ST,,,SILVER ST,704180,57e9fdbc-d2d9-417d-9a20-998bd0f9863b,1790,SILVER ST
459622,,,SILVER SPRUCE,CIR,,,SILVER SPRUCE CIR,653358,a803228c-c00b-44e8-9fd8-9da450f311e8,1791,SILVER SPRUCE CIR
459623,,,SIMMONS,AVE,,,SIMMONS AVE,820303,bd509cbd-3ae8-45e6-bd7a-26d6fbc0b546,1792,SIMMONS AVE
459624,,,SIMONE,ST,,,SIMONE ST,835157,b9550705-6eed-428b-9ac2-6f51ef52aa79,1793,SIMONE ST
459625,,,SKYLINE,DR,,,SKYLINE DR,805260,dcf6a40c-0eb5-4e9f-9c0b-e28a8be60216,1794,SKYLINE DR
459626,,,SMITH,LN,,,SMITH LN,697393,c80a2312-7b38-4e5f-b00d-e15494963492,1795,SMITH LN
459627,,,SMITH,ST,,,SMITH ST,773392,47e4b10b-4ca4-4ac6-8574-7bf1d16343c5,1796,SMITH ST
459628,,,SMITHFIELD,RD,,,SMITHFIELD RD,709414,feb1e7e9-a14d-48ff-8626-ecaa7003340a,1797,SMITHFIELD RD
459629,,,SNOWY OWL,LN,,,SNOWY OWL LN,645370,aef2c1b8-4171-404a-9bd7-8be42654b25f,1798,SNOWY OWL LN
459630,,,SNYDER,CT,,,SNYDER CT,753099,7c163cce-8e1a-47c8-aa3e-90bb5fdcc82e,1799,SNYDER CT
459631,,,SOLFERINO,ST,,,SOLFERINO ST,833236,0ca8978c-9c81-446d-99da-1d74df217bcf,1800,SOLFERINO ST
459632,,,SOMERVILLE,RD,,,SOMERVILLE RD,840131,d2bf9969-d3a3-4840-8c3d-da32e9aa6692,1802,SOMERVILLE RD
459633,,,SONOMA,DR,,,SONOMA DR,863288,0e565d25-f5d4-49ed-a4e2-fc66175d86d6,1803,SONOMA DR
459634,,,SORRENTO,ST,,,SORRENTO ST,607277,46549f1b-415f-4d1b-a114-5903008627e9,1804,SORRENTO ST
459635,,,SOUTH,ST,,,SOUTH ST,774165,2a284274-3368-4b83-95fb-6accc481640b,1805,SOUTH ST
459636,,,SOUTHBRIDGE,ST,,,SOUTHBRIDGE ST,721147,56a93d4d-0009-4246-b897-a5b2567d8e1c,1806,SOUTHBRIDGE ST
459637,,,SOUTHER,DR,,,SOUTHER DR,625199,a782562d-1f0b-40ae-aa80-a94bb4aafe81,1807,SOUTHER DR
459638,,,SOUTHERN,AVE,,,SOUTHERN AVE,650122,a310d5cb-1576-4dcc-b6bd-b216b27e3246,1808,SOUTHERN AVE
459639,,,SOUTHGATE,PL,,,SOUTHGATE PL,719155,b0bf8e48-6a1f-47d7-a5e7-da9e2491e048,1809,SOUTHGATE PL
459640,,,SOUTHGATE,ST,,,SOUTHGATE ST,707152,52d32eb2-df47-43a2-ad4e-7059db0b8dbc,1810,SOUTHGATE ST
459641,,,SOUTHOLD,RD,,,SOUTHOLD RD,749053,b0a5961d-81e5-4428-ac5f-7167c836a59c,1811,SOUTHOLD RD
459642,,,SOUTHVIEW,RD,,,SOUTHVIEW RD,691415,d4cb3899-014d-4408-bc12-ebf827954926,1812,SOUTHVIEW RD
459643,,,SOUTHWEST,CUTOFF,,,SOUTHWEST CUTOFF,833064,e3398fcb-844d-43e5-b9d7-aee3e0558f71,1813,SW CUTOFF
459644,,,SPRAGUE,LN,,,SPRAGUE LN,847088,0a38dfc0-21c1-4197-ab59-e4babfcf9c10,1818,SPRAGUE LN
459645,,,SQUANTUM,ST,,,SQUANTUM ST,798364,f2d09a17-5a05-4a7f-abc3-6cb83169ddfa,1821,SQUANTUM ST
459646,,,STANDISH,ST,,,STANDISH ST,813170,2fd2f43b-e268-4974-9af3-9ac543160adc,1831,STANDISH ST
459647,,,STARK,RD,,,STARK RD,587280,d6719dbb-caab-4498-a124-6ccd3e8121ff,1834,STARK RD
459648,,,ROGERS,ST,,,ROGERS ST,831154,f0403903-0a8a-4509-882a-208c15c438c7,1686,ROGERS ST
459649,,,HADWEN,RD,,,HADWEN RD,655226,eec67cbd-821e-46d1-b359-b6e769bc9b3e,884,HADWEN RD
459650,,,IDALLA,AVE,,,IDALLA AVE,758454,6c0a7836-a052-4bfd-ba0e-0378fe450e49,1009,IDALLA AVE
459651,,,IDALLA,RD,,,IDALLA RD,769458,833d11c8-0b54-4aef-8e81-3d3c8f2e1894,1010,IDALLA RD
459652,,,IDEAL,TER,,,IDEAL TER,898138,b268deaf-3dfa-4b47-9085-bd50ca922985,1012,IDEAL TER
459653,,,ILLINOIS,CT,,,ILLINOIS CT,696151,ff78ff54-22d3-45b9-97d3-19fd1646ff7f,1013,ILLINOIS CT
459654,,,ILLINOIS,ST,,,ILLINOIS ST,693149,3a2b9e07-48dd-4be5-aee0-4cb6857c751c,1014,ILLINOIS ST
459655,,,IMPERIAL,PL,,,IMPERIAL PL,813241,0306bb41-f402-42db-98ad-8bea1524902b,1015,IMPERIAL PL
459656,,,IMPERIAL,RD,,,IMPERIAL RD,811241,3e5235b5-b51f-462c-aa0e-e35214528856,1016,IMPERIAL RD
459657,,,INDIAN HILL,RD,,,INDIAN HILL RD,710381,c516f42f-6de3-47b6-915c-5e17a2d7c58a,1017,INDIAN HILL RD
459658,,,INDIAN LAKE,PKWY,,,INDIAN LAKE PKWY,719311,7aa8dee4-3007-4655-b08c-c643c4201a86,1018,INDIAN LAKE PKWY
459659,,,INDIANA,ST,,,INDIANA ST,810149,dc7f207e-dbe5-4dca-a342-87d6de9f4b09,1019,INDIANA ST
459660,,,INGALLS,ST,,,INGALLS ST,760178,8eaad583-3a91-409f-8b58-a0a25041d6df,1020,INGALLS ST
459661,,,INGLESIDE,AVE,,,INGLESIDE AVE,802183,2ffd28ae-fff7-4057-bf39-d568ceeb33db,1021,INGLESIDE AVE
459662,,,INMAN,AVE,,,INMAN AVE,678347,4a48d6c5-d523-4529-82ff-3ef2145ae230,1022,INMAN AVE
459663,,,INSTITUTE,RD,,,INSTITUTE RD,724246,30cf9c0d-6501-442a-9c88-b18c2257cced,1024,INSTITUTE RD
459664,,,INTERVALE,RD,,,INTERVALE RD,668250,fcab3bd1-90d0-4423-bc94-66aaf9cb386b,1025,INTERVALE RD
459665,,,INWOOD,RD,,,INWOOD RD,781392,b43d23fc-20da-441c-a7c8-b94a2f59d436,1027,INWOOD RD
459666,,,IONIC,AVE,,,IONIC AVE,734194,4505ddf9-3cd8-43b5-91d6-e0ed6fc9286e,1028,IONIC AVE
459667,,,IOWA,ST,,,IOWA ST,647258,ef2fb7c6-a99f-4eb5-b7f9-21f9c786952f,1029,IOWA ST
459668,,,IRENE,ST,,,IRENE ST,667150,8c19ea13-4560-4bf1-84c1-fee80e33bd1c,1030,IRENE ST
459669,,,IRVING,ST,,,IRVING ST,732204,904ef9d4-754a-441b-942d-88d0fff3f77a,1032,IRVING ST
459670,,,ISABELLA,ST,,,ISABELLA ST,655179,9d813cb6-cb4a-45ec-9d4b-225fd17e7626,1033,ISABELLA ST
459671,,,ISLESBORO,ST,,,ISLESBORO ST,773467,0e42992e-c321-46f6-b4e2-b5aef486c4b6,1035,ISLEBORO ST
459672,,,ITAM,CT,,,ITAM CT,778216,9e2b5e7c-f18e-4b71-b150-9c805b43d44b,1036,DUBLIN CT
459673,,,IVAH,ST,,,IVAH ST,788249,26ef600e-9c48-4c3e-a985-19f3e2a720b8,1037,IVAH ST
459674,,,IVERNIA,RD,,,IVERNIA RD,778417,7f3740fd-58b4-48a9-b9fe-02de3a35fed8,1039,IVERNIA RD
459675,,,IVERS,ST,,,IVERS ST,769305,ed9c6458-05f8-4ffe-aa65-ac494360f475,1040,IVERS ST
459676,,,IVY,ST,,,IVY ST,847091,4b8e972f-ee29-4001-a48e-5ce77ac18771,1042,IVY ST
459677,,,JACKSON,ST,,,JACKSON ST,727183,b1431fad-54c9-4216-822a-d495f8ac9e79,1043,JACKSON ST
459678,,,JAMES,ST,,,JAMES ST,613092,ba028681-38a9-4991-b85f-8f693c14792f,1045,JAMES ST
459679,,,JAQUES,AVE,,,JAQUES AVE,715197,88b6828a-db91-46c1-834b-37135588f5bf,1047,JAQUES AVE
459680,,,JAY,ST,,,JAY ST,761082,d8e4b036-4f0b-4c88-90c1-19b39da5f3ac,1049,JAY ST
459681,,,JEANETTE,ST,,,JEANETTE ST,831191,b311950a-1741-432c-9bc9-4f7108f5ceda,1050,JEANETTE ST
459682,,,JEFFERSON,ST,,,JEFFERSON ST,761175,31599c04-8816-4fb2-8270-b20b78beae84,1051,JEFFERSON ST
459683,,,JEFFREY,RD,,,JEFFREY RD,684304,9f62a84c-bcc9-4ffd-a478-5620960480b3,1052,JEFFREY RD
459684,,,JENKINS,ST,,,JENKINS ST,575267,0be6b945-a3a1-4c02-a2e2-0b88f5ca4d0a,1053,JENKINS ST
459685,,,JEPPSON,AVE,,,JEPPSON AVE,773369,42f6ed5b-4d4a-4791-aa81-406bac5e9d17,1055,JEPPSON AVE
459686,,,JEWETT,TER,,,JEWETT TER,695348,0ff9beb3-b656-4e14-a7e9-601d497682a2,1057,JEWETT TER
459687,,,JOHN,ST,,,JOHN ST,733229,667fbd24-b1f2-40ed-a63f-afa53ff24fde,1058,JOHN ST
459688,,,JOHNSON,ST,,,JOHNSON ST,805245,283f19e4-bb31-4d10-b8cd-9537b927680d,1060,JOHNSON ST
459689,,,JONATHAN,CIR,,,JONATHAN CIR,842197,f12b963f-9fc4-4c88-8789-7be9abb9ac32,1062,JONATHAN CIR
459690,,,JONES,ST,,,JONES ST,781153,55e99756-4b55-4c41-9444-67014fb088bf,1063,JONES ST
459691,,,JOSEPH,ST,,,JOSEPH ST,849168,ba257570-fe61-4e8f-8e70-d19f8874cf3a,1065,JOSEPH ST
459692,,,FLOWER HILL,DR,,,FLOWER HILL DR,657313,b24efbc3-80df-4f01-8479-efa21137d97b,752,FLOWER HILL DR
459693,,,FORBES,ST,,,FORBES ST,772269,4912d3f4-dd98-40a5-a16f-2e73c7670f2e,754,FORBES ST
459694,,,FORD,ST,,,FORD ST,775216,8349af3d-e4d0-445b-a87e-54acd19189f3,755,FORD ST
459695,,,FOREST,ST,,,FOREST ST,706294,b698d3b7-3f04-43fb-91b6-4cde8855309e,756,FOREST ST
459696,,,FOREST HILL,DR,,,FOREST HILL DR,630304,4fd8b0e7-0fa9-4ac1-bcb8-a20e4d147e22,757,FOREST HILL DR
459697,,,FORESTDALE,RD,,,FORESTDALE RD,769263,dcb5f7de-57a6-4c43-a6db-ae1140ff3266,758,FORESTDALE RD
459698,,,FORKEY,AVE,,,FORKEY AVE,607169,5e22b3d9-feec-4f4d-86bf-6ffe851639a2,759,FORKEY AVE
459699,,,FORSBERG,ST,,,FORSBERG ST,755074,368b59e3-8cef-44e3-9b00-b89ff18df5ab,760,FORSBERG ST
459700,,,FORTIER,ST,,,FORTIER ST,699094,df0e9c99-3362-4bea-978a-e281266cd824,761,FORTIER ST
459701,,,FOSTER,ST,,,FOSTER ST,750215,24b119e6-6773-4be3-9de4-9727456207f2,762,FOSTER ST
459702,,,FOUNTAIN,ST,,,FOUNTAIN ST,760244,73ef64f0-b3c9-4477-8c7a-72b33b02a351,763,FOUNTAIN ST
459703,,,FOURTH,ST,,,FOURTH ST,609183,dd8cabb9-0ced-4d10-bc06-d984b08e12b5,764,4TH ST
459704,,,JEROME,ST,,,JEROME ST,756171,c9232163-5abf-4f65-9cca-f363452ad0f3,10555,JEROME ST
459705,,,FOX,ST,,,FOX ST,762178,e56de434-f200-42f7-8310-5ec30fafef05,766,FOX ST
459706,,,FOX HOLLOW,RD,,,FOX HOLLOW RD,655384,66ae2d23-8267-4c1a-ac6f-0ec2c1bd43c5,767,FOX HOLW
459707,,,FOXBORO,ST,,,FOXBORO ST,804051,0068f959-58d3-43a5-a152-e1c34af6f928,768,FOXBORO ST
459708,,,FOXMEADOW,DR,,,FOXMEADOW DR,526275,b4ee5ced-0bba-4667-bc2e-1e429599c51a,769,FOX MEADOW DR
459709,,,FRANCIS,ST,,,FRANCIS ST,765380,f446c1a4-40a9-4cba-a3f1-25419e0231e6,770,FRANCIS ST
459710,,,FRANCONIA,ST,,,FRANCONIA ST,672234,3f28e3e7-b1e7-4671-a38a-3168d3386d65,772,FRANCONIA ST
459711,,,FRANK,ST,,,FRANK ST,844244,286f7a64-dbd2-45bb-875b-58e1106cd3bf,773,FRANK ST
459712,,,FRANKLIN,ST,,,FRANKLIN ST,794212,d079bd68-4b7f-4e09-a705-75064f02fb5c,774,FRANKLIN ST
459713,,,FRATERNAL,AVE,,,FRATERNAL AVE,758351,28a3ea70-000a-4e62-9ea2-e63614b7a3cd,775,FRATERNAL AVE
459714,,,FREDERICK,ST,,,FREDERICK ST,762263,e44d8a56-8952-4342-8726-f5b96ecb065f,776,FREDERICK ST
459715,,,FREDERICKSON,AVE,,,FREDERICKSON AVE,684409,a9078356-02c8-4ec4-8251-4aab0007cb11,777,FREDERICKSON AVE
459716,,,FREEDOM,WAY,,,FREEDOM WAY,824371,35e27f5b-f3d1-43a0-88d7-04a232b90471,778,FREEDOM WAY
459717,,,FREELAND,ST,,,FREELAND ST,682148,26dd50b3-867c-474d-a21f-619a3e59bfa7,779,FREELAND ST
459718,,,FREELAND,TER,,,FREELAND TER,680154,ba64b6e5-2890-4d2f-9900-7e3b11e9dc1a,780,FREELAND TER
459719,,,FREEMAN,ST,,,FREEMAN ST,848151,771d0c1a-a0e0-4807-b4fd-f6fa308eedde,781,FREEMAN ST
459720,,,FREMONT,ST,,,FREMONT ST,674133,f6b56ccc-1d74-462e-9b5c-0972342a0fec,782,FREMONT ST
459721,,,FRIEDEL,ST,,,FRIEDEL ST,668181,4df683a6-17f2-41c7-b5cd-9af31a3d9cc3,783,FRIEDEL ST
459722,,,FRONT,ST,,,FRONT ST,747209,6241b682-ee81-40dd-b83a-2fe105f38815,784,FRONT ST
459723,,,FRONTAGE,RD,,,FRONTAGE RD,735402,a2ece574-183d-453d-8a3b-2e5ae0fcb0f3,785,FRONTAGE RD
459724,,,FRONTENAC,RD,,,FRONTENAC RD,656271,52b13ca7-d417-4bff-a1ea-3273f073d99f,786,FRONTENAC RD
459725,,,FROTHINGHAM,RD,,,FROTHINGHAM RD,778303,c23ffad6-099f-4a1d-8343-511c993a7d4a,787,FROTHINGHAM RD
459726,,,FRUIT,ST,,,FRUIT ST,721226,19bf2aaf-ceb8-4baa-84d9-7e068fecb273,788,FRUIT ST
459727,,,GAGE,ST,,,GAGE ST,780224,d81c881c-0b1b-4891-b759-18c80a28d5bf,789,GAGE ST
459728,,,GALATIN,ST,,,GALATIN ST,806390,30dcfff6-7aed-4547-bed4-474a96df5b4c,790,GALATIN ST
459729,,,GAMBIER,AVE,,,GAMBIER AVE,797162,5782766c-2ea0-422f-884e-4695361f9260,791,GAMBIER AVE
459730,,,GARDEN,ST,,,GARDEN ST,753259,887e8b31-de34-4b45-b836-df7e255b84db,792,GARDEN ST
459731,,,GARDNER,ST,,,GARDNER ST,705163,2a696583-b5f4-4258-92db-2b04830a004d,793,GARDNER ST
459732,,,GARDNER,TER,,,GARDNER TER,700168,546761cf-2b8f-4df9-affd-cf4d294b99d9,794,GARDNER TER
459733,,,GARLAND,ST,,,GARLAND ST,657168,9bb4aca4-1a28-4374-ae4f-cb6ec9686e18,795,GARLAND ST
459734,,,GARNET,ST,,,GARNET ST,805059,955f096f-6695-42fe-8f0c-aefd2d2376ce,796,GARNET ST
459735,,,GARRISON,AVE,,,GARRISON AVE,798397,3affe010-251d-4c82-9a27-ef5fc87d6300,797,GARRISON AVE
459736,,,GASKILL,RD,,,GASKILL RD,653275,cfe6472d-93ce-4478-93b0-054b661833c0,798,GASKILL RD
459737,,,GATES,CIR,,,GATES CIR,625154,9c5e06c6-0947-4307-84aa-90f200828fef,799,GATES CIR
459738,,,GATES,LN,,,GATES LN,631152,d32022e3-4469-4c4a-9b02-f977333c47b7,800,GATES LN
459739,,,GATES,RD,,,GATES RD,629154,cbfeba7f-206c-49a0-b544-39f8eb984512,801,GATES RD
459740,,,GATES,ST,,,GATES ST,693156,f28b5368-5784-40df-963a-90b12bb2f091,802,GATES ST
459741,,,GAYLORD,ST,,,GAYLORD ST,698320,f4868e4d-2ef9-43cf-842a-e441ef9575c2,803,GAYLORD ST
459742,,,GEDIMINAS,ST,,,GEDIMINAS ST,746133,f99d0661-5d43-4182-8256-95ad26e1a279,804,GEDIMINAS ST
459743,,,GENESEE,ST,,,GENESEE ST,619111,a926b951-51f0-4e9b-a1fd-521732f38e83,805,GENESSEE ST
459744,,,GENEVA,ST,,,GENEVA ST,663206,e1863e4f-85d9-4e66-8973-1562756e81ca,806,GENEVA ST
459745,,,GENOA,ST,,,GENOA ST,652184,e8cae05f-913d-4525-8b6f-285517aaab50,807,GENOA ST
459746,,,GENSELL,AVE,,,GENSELL AVE,805072,b289db02-289e-4a2c-a49d-d3afae21691c,808,GENSELL AVE
459747,,,GEORGE,ST,,,GEORGE ST,745228,a67221d4-766e-4670-8112-018fcc04f523,809,GEORGE ST
459748,,,GERMAIN,ST,,,GERMAIN ST,700242,fab4ea2d-2f0f-4f87-8217-31a827f0eba7,810,GERMAIN ST
459749,,,GERTRUDE,AVE,,,GERTRUDE AVE,747232,138b54b3-aec0-4ad6-894c-40874524dbc5,811,GERTRUDE AVE
459750,,,GIBBS,ST,,,GIBBS ST,781105,6bb24c12-4aef-4252-a5ea-5d46c037ac6a,812,GIBBS ST
459751,,,GIFFORD,DR,,,GIFFORD DR,727314,333fcdf8-3111-4177-84b4-71e190afa03d,813,GIFFORD DR
459752,,,GILMAN,ST,,,GILMAN ST,768290,5fe28e2c-d33d-4621-aaa8-7dc1a564d804,814,GILMAN ST
459753,,,GLADE,ST,,,GLADE ST,709113,0d62d724-3550-4983-8b75-6291e2602729,815,GLADE ST
459754,,,GLADSTONE,ST,,,GLADSTONE ST,720151,18742742-3d97-47e3-a62c-8cd4e921cf3b,816,GLADSTONE ST
459755,,,GLEN,ST,,,GLEN ST,769236,60d50465-7276-4f35-9baf-8ce6dd9e8694,817,GLEN ST
459756,,,GLEN ELLEN,RD,,,GLEN ELLEN RD,557263,3d4ecb83-6f21-4a55-8117-f251c738c624,818,GLEN ELLEN RD
459757,,,GLENBROOK,LN,,,GLENBROOK LN,614302,2dc1d9e5-8b53-410b-b574-3cd7867f247c,819,GLENBROOK LN
459758,,,GUILD,RD,,,GUILD RD,642265,663d4051-f63b-4712-8039-07bc4d8cde8f,875,GUILD RD
459759,,,HACKER,ST,,,HACKER ST,701143,c18cbcda-1f56-45aa-95be-0f58881d8902,880,HACKER ST
459760,,,HALCYON,DR,,,HALCYON DR,810357,665bcf4b-5f9c-4669-ace7-1ce58682240d,885,HALCYON DR
459761,,,HALE,ST,,,HALE ST,795178,4e56eb44-9040-45d0-9add-0d9dc8e30567,886,HALE ST
459762,,,HALL,ST,,,HALL ST,709249,584d2070-3836-4cf5-9546-66cbc6256b76,887,HALL ST
459763,,,HALMSTAD,ST,,,HALMSTAD ST,761090,3bbd7c2f-218c-4ce1-b67f-ff13d03fd704,888,HALMSTAD ST
459764,,,HAMILL,RD,,,HAMILL RD,643223,e2993809-dda6-478d-9fd8-646f637372bb,889,HAMILL RD
459765,,,ROSE,ST,,,ROSE ST,760126,ba00b885-1147-4c12-aee7-bb0a203795be,1696,ROSE ST
459766,,,VINTON,ST,,,VINTON ST,768287,f03ea142-3b25-419d-9827-6b2cb58ecf8a,2009,VINTON ST
459767,,,VIVIAN,ST,,,VIVIAN ST,628112,4d73af0c-e859-48ee-9313-b780c64014d2,2012,VIVIAN ST
459768,,,WACONAH,RD,,,WACONAH RD,723275,c8dbadd3-782d-4375-89fb-175b75eb01f7,2017,WACONAH RD
459769,,,WALCOTT,ST,,,WALCOTT ST,694099,c948c673-4ecf-4c4e-b7b2-7afb1204b8e1,2022,WALCOTT ST
459770,,,WHITTEN,ST,,,WHITTEN ST,801333,7459ddb5-58d9-4f6c-959a-bc7ddb80976f,2113,WHITTEN ST
459771,,,GORDON,ST,,,GORDON ST,828192,78d39621-d5b3-40b5-abbf-97870f357b90,831,GORDON ST
459772,,,ZOAR,ST,,,ZOAR ST,834115,7837dd6a-9f27-46ad-b5c7-d89dbeec7b05,2177,ZOAR ST
459773,,,WALLER,AVE,,,WALLER AVE,669140,6752fdc4-4092-450a-8de4-c633f7d5c5e8,2028,WALLER AVE
459774,NORTH,,STEELE,ST,,,NORTH STEELE ST,745095,ad884f62-0908-4666-9f5b-7b6bcd52cfd4,2190,N STEELE ST
459775,NORTH,,WOODFORD,ST,,,NORTH WOODFORD ST,773150,cbcb8370-4a36-407a-abaf-268acb051704,2191,N WOODFORD ST
459776,SOUTH,,BUFFUM,ST,,,SOUTH BUFFUM ST,653154,af985b6a-d589-4ff1-b593-fa5c9af9d423,2192,S BUFFUM ST
459777,SOUTH,,CAMBRIDGE,ST,,,SOUTH CAMBRIDGE ST,726139,a7777b0a-a976-40f5-be8a-ca95ef1a5483,2193,S CAMBRIDGE ST
459778,SOUTH,,CRYSTAL,ST,,,SOUTH CRYSTAL ST,691141,7f2b0189-10c2-4e8a-80d6-85cbe20b1bda,2194,S CRYSTAL ST
459779,SOUTH,,EDLIN,ST,,,SOUTH EDLIN ST,644086,865782cd-1d5b-44d4-91ae-697e5b226b2b,2195,S EDLIN ST
459780,SOUTH,,FLAGG,ST,,,SOUTH FLAGG ST,644244,d556af94-586a-47f2-8e4b-8a15d4a5e9dc,2196,S FLAGG ST
459781,SOUTH,,HARLEM,ST,,,SOUTH HARLEM ST,748145,03df557a-4f88-4153-bbb3-4c1ae9fb37f3,2197,S HARLEM ST
459782,SOUTH,,LUDLOW,ST,,,SOUTH LUDLOW ST,616087,a1ab375b-5ab4-4c43-802a-fec8eefef59f,2200,S LUDLOW ST
459783,WEST,,UPSALA,ST,,,WEST UPSALA ST,755135,320f3e63-26bd-4655-b0bc-6ddd0a2966dd,2207,W UPSALA ST
459784,,,EASTVIEW,DR,,,EASTVIEW DR,601180,764e6d6a-a478-4d49-944f-719c0c18d76b,4424,EASTVIEW DR
459785,,,ROSEVILLE,LN,,,ROSEVILLE LN,634152,65228ab4-541f-4336-9bb6-c8ab2eb170e8,4425,ROSEVILLE LN
459786,,,REARDON,ST,,,REARDON ST,719417,32716b78-0203-4115-90b7-6d16829c8ca4,4427,REARDON ST
459787,,,PAPAGNI,CIR,,,PAPAGNI CIR,845226,ad755df5-858d-4b8b-abe6-3936a6022ba7,4430,PAPAGNI CIR
459788,,,FRONGILLO FARM,RD,,,FRONGILLO FARM RD,838223,6009913c-bae0-4f21-a848-1097643d565d,4432,FRONGILLO FARM RD
459789,,,NAVAJO,RD,,,NAVAJO RD,716382,314c24c7-95d3-4a29-9f60-da19bae8a5e0,4434,NAVAJO RD
459790,,,WEST HILL,TER,,,WEST HILL TER,655322,b1f90a38-2c5c-42fb-b1c9-2ff0e40c693d,4436,W HILL TER
459791,,,EAGLE,TER,,,EAGLE TER,702314,42cfe25f-e743-4604-9eb2-42ce1b7249fa,4437,EAGLE TER
459792,,,URECO,TER,,,URECO TER,663252,f3daaa74-0c42-4358-b4e0-7dd15c1ba17e,4440,URECO TER
459793,,,MARISSA,CIR,,,MARISSA CIR,860113,2906449a-e3f1-4584-8814-4131165ee5f4,4447,MARISSA CIR
459794,,,BURMAN,AVE,,,BURMAN AVE,673352,5babada7-193a-41ce-b682-d931131b48e7,4450,BURMAN AVE
459795,,,FENTON,DR,,,FENTON DR,624273,fec8ac68-a67f-486c-955c-21cdd8b3dd11,4454,FENTON DR
459796,,,CHRISTINE,DR,,,CHRISTINE DR,843223,9deee527-856d-467b-87fc-a49cf2f15171,4457,CHRISTINE DR
459797,,,TOBIAS BOLAND,WAY,,,TOBIAS BOLAND WAY,805098,b11ba8b2-63e1-49f0-a4da-9cf197088928,4460,TOBIAS BOLAND WAY
459798,,,CHATHAM,PL,,,CHATHAM PL,734206,3d8f10b1-0638-42ed-808c-76def2c750a5,4467,CHATHAM PL
459799,,,SNOWBELL,LN,,,SNOWBELL LN,788475,c948b7fe-ce38-47a9-bb26-27d4f9c31feb,4470,SNOWBELL LN
459800,,,BIRCHBRUSH,LN,,,BIRCHBRUSH LN,786476,71c66dcc-8222-4852-8caf-ddc9e0e075d6,4472,BIRCHBRUSH LN
459801,,,SUMMERLAND,WAY,,,SUMMERLAND WAY,633340,e2156d20-7d30-47a7-b636-9650fa924579,4477,SUMMERLAND WAY
459802,,,OLDE MILLBURY,ST,,,OLDE MILLBURY ST,744153,0ab59d51-acad-4741-a6e4-2faf7f2b11c2,14685,OLDE MILLBURY ST
459803,,,ACCESS,RD,,,ACCESS RD,784312,bfd08526-fe20-416d-a32c-283e5d67e253,3125,ACCESS RD
459804,,,KINGSTON,COMMON,,,KINGSTON COMMON,636364,25103d96-a3fc-4b2d-8f92-e87d4293df98,10985,KINGSTON COMMON
459805,,,SALISBURY,WAY,,,SALISBURY WAY,635357,2b7dc5e3-5625-4b2a-a5f5-15283aba71f3,17295,SALISBURY WAY
459806,,,NEW LUDLOW,ST,,,NEW LUDLOW ST,603127,e2387165-9496-4fd5-a4d6-37bf872cef53,14085,NEW LUDLOW ST
459807,,,NOEL,CT,,,NOEL CT,727149,f4062fe9-3b51-47c4-b294-b972dbb26d60,14195,NOEL CT
459808,,,HICKORY HILL ESTATES,,,,HICKORY HILL ESTATES,851115,09e304ec-e903-42c8-b559-35675ed2804d,9475,HICKORY HILL ESTATES
459809,,,NORTH,RD,,,NORTH RD,853269,3f1ad02c-a91b-454e-9968-c3088a7b41ad,14295,NORTH RD
459810,,,FIRST,RD,,,FIRST RD,849262,93a48897-9131-4dcb-bb31-362b0026362e,7425,FIRST RD
459811,,,SECOND,RD,,,SECOND RD,851260,0061e220-8584-404a-b5d9-2e7de1083a92,17525,SECOND RD
459812,,,SOUTH,RD,,,SOUTH RD,851256,3e1ef4cc-3984-4181-908c-1fecac34ddaf,18045,SOUTH RD
459813,,,SHENANDOAH,CIR,,,SHENANDOAH CIR,810346,1029c88c-7604-4be3-9ae1-568fe990fad4,17735,SHENANDOAH CIR
459814,,,GETTYSBURG,RD,,,GETTYSBURG RD,817347,3613da91-cafb-43ec-9a95-ca9184b0dac9,8115,GETTYSBURG RD
459815,,,HARPERS FERRY,,,,HARPERS FERRY,811342,810ec650-cca8-4b53-abfc-a82a3065b30a,9045,HARPERS FERRY
459816,,,VICKSBURG,AVE,,,VICKSBURG AVE,818336,a358799d-422a-4760-8f16-2864e10eed3e,19965,VICKSBURG AVE
459817,,,GINGERBREAD,TRAIL,,,GINGERBREAD TRAIL,665235,1e3a5797-fb60-412e-8c24-2e2e52586e1f,8145,GINGERBREAD TRL
459818,,,SOPHIA,DR,,,SOPHIA DR,728085,f0642eaa-68b9-4648-ada1-048c6c216384,18035,SOPHIA DR
459819,,,HONEYSUCKLE,RD,,,HONEYSUCKLE RD,730080,e2a3f418-157f-4d6b-b83f-c6c5af5dfe55,9795,HONEYSUCKLE RD
459820,,,HOLLY,TER,,,HOLLY TER,727087,09af339f-dd02-4dae-9e63-9055f85e1963,9735,HOLLY TER
459821,,,LILAC,LN,,,LILAC LN,727090,216ac14d-550f-4c9d-a0f6-e545a367a4bc,11685,LILAC LN
459822,,,PEARLBUSH,PATH,,,PEARLBUSH PATH,733089,ab2ad830-29c9-4470-8e9c-32da866cc03d,15335,PEARLBUSH PATH
459823,,,ELLIE,WAY,,,ELLIE WAY,719094,d0e760af-a572-458a-ad00-c7842f6dc60e,6535,ELLIE WAY
459824,,,NANCY JOHNSON,WAY,,,NANCY JOHNSON WAY,775296,77940e25-0618-4075-80e4-a1e0ac2b27af,13885,NANCY JOHNSON WAY
459825,,,FIRE,RD,,,FIRE RD,633335,e8845527-26fb-472f-a808-13608976dc73,7405,FIRE RD
459826,,,NEWINGTON,LN,,,NEWINGTON LN,626339,e9b61522-5968-426a-a070-082f89a52f89,14125,NEWINGTON LN
459827,,,STAMFORD,LN,,,STAMFORD LN,625338,c294d6d9-7b53-4d08-9596-fe4717d050a6,18305,STAMFORD LN
459828,,,PEMBROOK,LN,,,PEMBROOK LN,623339,b7dc0440-184e-44b5-b034-8b647ed66b5f,15385,PEMBROOK LN
459829,,,WHITEHAVEN,LN,,,WHITEHAVEN LN,621338,33e3fb1a-7a5f-4bf5-94d0-ff1c39fc6dc6,21075,WHITEHAVEN LN
459830,,,BLACKWELL,LN,,,BLACKWELL LN,621339,954ee21f-d89d-4178-8dd6-776b456b3c83,2345,BLACKWELL LN
459831,,,PRIMMETT,LN,,,PRIMMETT LN,617339,0f790882-464f-471c-9a9f-31b3e028c7b0,15985,PRIMMETT LN
459832,,,MCAVEY,WAY,,,MCAVEY WAY,892107,feadd024-90d7-4058-bb99-c9f9b46ff0be,12895,MCAVEY WAY
459833,,,RODI,CIR,,,RODI CIR,604138,4bf69478-75e8-4b5a-8255-e07e789c02d6,16835,RODI CIR
459834,,,DWIGHT,ST,,,DWIGHT ST,700138,72446720-54f4-478e-8669-7ada2c2bb4a8,6215,DWIGHT ST
459835,,ROUTE,146,,,,ROUTE 146,775104,7491bb76-1aa5-41dc-a9dc-eb9b19de9ef0,17025,ROUTE 146
459836,,,NAUMAAN,LN,,,NAUMAAN LN,812389,a4663bca-daa2-475a-9e74-02919abbb590,13985,NAUMAAN LN
459837,,,RUSTIC,DR,,EXT,RUSTIC DR EXT,633275,29687d58-1999-4fd3-8746-8096ec40eaa6,17155,RUSTIC DR EXT
459838,,,ROSELAND,RD,,,ROSELAND RD,704299,34aaf5d3-0ee4-4c2f-bc8f-21c4223b5cde,1697,ROSELAND RD
459839,,,SHAWMUT,ST,,,SHAWMUT ST,711216,65d90103-a3f3-4288-bfa1-037f2881fa3e,1770,SHAWMUT ST
459840,,,VISBY,ST,,,VISBY ST,756107,dfdef253-84d6-4042-ad61-47e5440cfc52,2011,VISBY ST
459841,,,VOLKMAR,RD,,,VOLKMAR RD,766418,9168a7af-7a1d-4490-940e-07cf3cc0d249,2013,VOLKMAR RD
459842,,,WABAN,AVE,,,WABAN AVE,875147,24fbaed8-e83a-487e-b2d4-8b00f933c03d,2014,WABAN AVE
459843,,,WACHUSETT,ST,,,WACHUSETT ST,739241,cd5e0904-cbb5-43dc-b60d-faa49e85d7b3,2016,WACHUSETT ST
459844,,,WADE,ST,,,WADE ST,749156,d47f8a8a-42f7-4856-ba85-4be6f53488c2,2018,WADE ST
459845,,,WAHNITA,RD,,,WAHNITA RD,785375,82388c29-2c28-41fc-ad16-59a949968799,2019,WAHNITA RD
459846,,,WAKEFIELD,ST,,,WAKEFIELD ST,788301,16f8f376-f422-4ef7-8f45-d76f5f08ccc9,2021,WAKEFIELD ST
459847,,,WALDO,ST,,,WALDO ST,749218,52f1976a-06aa-40ee-b58d-eb5eddb20a52,2023,WALDO ST
459848,,,WALES,ST,,,WALES ST,810046,d736bd22-5e90-464c-b23b-6219f13113a2,2024,WALES ST
459849,,,WALLACE,ST,,,WALLACE ST,788303,55ec7e9a-9270-44a1-a9aa-c0179b58fe07,2027,WALLACE ST
459850,,,WALLINGFORD,RD,,,WALLINGFORD RD,743047,8d941afd-54bc-4a16-a320-91aa3af0ddcc,2029,WALLINGFORD RD
459851,,,WALNUT,ST,,,WALNUT ST,742220,82cb2bf5-52b8-4591-b413-2a28469eb2dc,2030,WALNUT ST
459852,,,WALNUT HILL,DR,,,WALNUT HILL DR,633206,747215b8-6ac2-4bbb-9c87-cbb8a751fd74,2031,WALNUT HILL DR
459853,,,WALPOLE,ST,,,WALPOLE ST,699150,c280f4d8-a413-412f-b7f1-4fe34ff36c12,2032,WALPOLE ST
459854,,,WALTER,ST,,,WALTER ST,630291,92cc388e-928f-45a3-ac20-a23186646d08,2033,WALTER ST
459855,,,WALWORTH,ST,,,WALWORTH ST,666203,23ffa5ae-04ac-44bc-ae95-db8fffc7ded0,2034,WALWORTH ST
459856,,,WAMSUTTA,AVE,,,WAMSUTTA AVE,641210,a4aa3d37-9b49-4a8f-82bc-5935d512495c,2035,WAMSUTTA AVE
459857,,,WAPITI,DR,,,WAPITI DR,879176,ba842022-76f8-476d-b46b-1385e4794c6e,2036,WAPITI DR
459858,,,WARD,ST,,,WARD ST,753164,0738cc17-0cc4-4405-928e-615bfc617311,2037,WARD ST
459859,,,WARD FARM,CIR,,,WARD FARM CIR,605176,f6409963-c28a-49b0-9b83-7fc827860a7c,2038,WARD FARM CIR
459860,,,WARDEN,ST,,,WARDEN ST,833247,450b926b-4997-4d5b-89df-42c40d157a1c,2039,WARDEN ST
459861,,,WARE,ST,,,WARE ST,614208,89e092e1-d68c-4be4-a662-edaaedd353f0,2040,WARE ST
459862,,,WARING,CIR,,,WARING CIR,646342,25b49fde-e294-4e54-9f5a-4b76fb7bfb3e,2041,WARING CIR
459863,,,WARMLAND,ST,,,WARMLAND ST,761068,34f8b364-e854-4cf8-b294-ba38b4c7631d,2042,WARMLAND ST
459864,,,WARNER,AVE,,,WARNER AVE,822172,c55b7ce8-0113-4800-b02a-11e1b9945b20,2043,WARNER AVE
459865,,,WARWICK,ST,,,WARWICK ST,707093,92623c37-3345-47ba-a113-d3848f83be15,2044,WARWICK ST
459866,,,WASHBURN,ST,,,WASHBURN ST,726146,098969ad-d3c2-4d9d-91bf-f2e7fc89b459,2045,WASHBURN ST
459867,,,WASHINGTON,SQ,,,WASHINGTON SQ,764205,79675227-5aae-401e-a516-bdc7e0eecaef,2046,WASHINGTON SQ
459868,,,WASHINGTON,ST,,,WASHINGTON ST,749182,a5edab02-601e-4918-b386-795a961c3400,2047,WASHINGTON ST
459869,,,WASILLA,DR,,,WASILLA DR,837149,d6c818b1-21fe-434a-ad0f-fb68dab657fc,2048,WASILLA DR
459870,,,WATER,ST,,,WATER ST,761187,55a79de7-4584-4624-b062-c910dc941f18,2049,WATER ST
459871,,,WATERFORD,DR,,,WATERFORD DR,639194,6262e1f2-d4cb-416d-8229-098b0d2f6446,2050,WATERFORD DR
459872,,,WATERMAN,ST,,,WATERMAN ST,630109,7fe32101-92b3-4617-a90c-8df1b8be7cb9,2051,WATERMAN ST
459873,,,WATSON,AVE,,,WATSON AVE,754351,dfe8ecc1-dd5b-4f99-8c11-dafb28930cc6,2052,WATSON AVE
459874,,,WATT,RD,,,WATT RD,715393,806b0862-f7de-48cd-afad-dff7dc627256,2053,WATT RD
459875,,,WAUCANTUCK,RD,,,WAUCANTUCK RD,769455,be540c00-89ea-42d6-bc86-970864d7105e,2054,WAUCANTUCK RD
459876,,,WAUWINET,RD,,,WAUWINET RD,857293,7dabb810-1c2e-4457-b18d-34480dc01f47,2055,WAUWINET RD
459877,,,WAVERLY,ST,,,WAVERLY ST,769185,915188b8-dea5-4343-9b62-a1b517474c9e,2056,WAVERLY ST
459878,,,WAWECUS,RD,,,WAWECUS RD,778315,24ccef24-ed21-4a35-bcf4-a67ad84264f2,2057,WAWECUS RD
459879,,,WAYCROSS,ST,,,WAYCROSS ST,701320,385160b8-b520-49f5-8626-114d7080651b,2058,WAYCROSS ST
459880,,,WAYNE,ST,,,WAYNE ST,643149,f453223d-15e8-46f9-b667-2b5a2821d59a,2059,WAYNE ST
459881,,,WAYNE,TER,,,WAYNE TER,643142,112acb46-3149-4d18-8ad7-d6e22b73be0b,2060,WAYNE TER
459882,,,WAYSIDE,RD,,,WAYSIDE RD,826341,3c27e7c3-8431-41f0-aeeb-4a7b67abae00,2061,WAYSIDE RD
459883,,,WEATHERSTONE,DR,,,WEATHERSTONE DR,870106,2389efed-5246-4845-9275-8467b2193823,2062,WEATHERSTONE DR
459884,,,WEBSTER,CT,,,WEBSTER CT,660136,d484bd80-9487-43dc-a6a1-48c963322c26,2063,WEBSTER CT
459885,,,WEBSTER,PL,,,WEBSTER PL,653125,28d04bf4-b49f-4a89-9d07-68024218b8fd,2064,WEBSTER PL
459886,,,WEBSTER,SQ,,,WEBSTER SQ,663144,4eaae266-1a67-496f-aa74-47a30b8b60f1,2065,WEBSTER SQ
459887,,,WEBSTER,ST,,,WEBSTER ST,659112,90d0818b-38b2-454c-a9f1-801186eeb1ca,2066,WEBSTER ST
459888,,,WEDEN,LN,,,WEDEN LN,759054,ebb4e5c2-c735-452f-99dd-64c8f6f17eeb,2067,WEDEN LN
459889,,,WEDGEWOOD,RD,,,WEDGEWOOD RD,552290,b45888b4-88f1-4773-824a-70bedf5cbed2,2068,WEDGEWOOD RD
459890,,,WEETAMOE,ST,,,WEETAMOE ST,626202,60e02506-bb90-405f-a4fb-67008ff66a4b,2069,WEETAMOE ST
459891,,,WELCOME,ST,,,WELCOME ST,793394,348aeeca-1128-427d-9a12-1fbafc432d63,2070,WELCOME ST
459892,,,WELDON,AVE,,,WELDON AVE,785100,7c2366b9-d801-42d3-92c6-500723397a55,2071,WELDON AVE
459893,,,WELLESLEY,AVE,,,WELLESLEY AVE,825299,fa8ca651-1caa-4340-a498-04dd98f94fcb,2072,WELLESLEY AVE
459894,,,WELLINGTON,ST,,,WELLINGTON ST,726197,fb086a51-5c22-4aca-bc27-05a8bfc59176,2073,WELLINGTON ST
459895,,,WELLS,ST,,,WELLS ST,834238,69f72340-d450-4894-9175-819c021c90ed,2074,WELLS ST
459896,,,WENDELL,TER,,,WENDELL TER,698214,8607af6d-645f-44c1-98b0-52107c7e1985,2075,WENDELL TER
459897,,,WENDOVER,RD,,,WENDOVER RD,725437,cab76a86-8fe8-48ee-825f-38e2a6a7b259,2076,WENDOVER RD
459898,,,WENTWORTH,ST,,,WENTWORTH ST,632149,c8e5a400-5477-4c53-843d-a07de488cbe7,2077,WENTWORTH ST
459899,,,WESBY,ST,,,WESBY ST,735230,6bee7e32-1ba8-4ff7-bc1e-ca91193fda18,2078,WESBY ST
459900,,,WESCOTT,ST,,,WESCOTT ST,600171,9770de18-9187-44c6-b2da-d43ef6922a7e,2079,WESCOTT ST
459901,,,WEST,ST,,,WEST ST,726235,c58344f1-6268-4bec-a8b2-cc632da8ab94,2080,WEST ST
459902,,,WEST BOYLSTON,DR,,,WEST BOYLSTON DR,739342,c7340723-de36-4131-98b3-655a31c810c9,2081,W BOYLSTON DR
459903,,,WEST BOYLSTON,ST,,,WEST BOYLSTON ST,758398,6a60b232-e7a6-46b2-b8fe-b0db1c453bfc,2082,W BOYLSTON ST
459904,,,WEST BOYLSTON,TER,,,WEST BOYLSTON TER,739317,f40fcea9-5325-4c1f-b7e7-69382a869f7c,2083,W BOYLSTON TER
459905,,,WEST HILL,DR,,,WEST HILL DR,654324,48784da9-e1b7-4576-8757-91e7be2e8f46,2084,W HILL DR
459906,,,WEST PINE,LN,,,WEST PINE LN,638285,d558116c-51cc-4bba-a0e2-36a43db5e61d,2085,W PINE LN
459907,,,WESTBOROUGH,ST,,,WESTBOROUGH ST,913123,bd781a6b-4ebb-4a29-ba9f-dfb800851817,2086,WESTBOROUGH ST
459908,,,WESTBROOK,CIR,,,WESTBROOK CIR,669269,2c641fe2-2a1b-45c4-b532-78f85fde8b2b,2087,WESTBROOK CIR
459909,,,WESTBROOK,RD,,,WESTBROOK RD,667272,64ec57ff-e070-4755-9749-7228f93ffc7b,2088,WESTBROOK RD
459910,,,WESTDALE,ST,,,WESTDALE ST,881128,3bd22432-5bab-4668-9500-650e2e618389,2089,WESTDALE ST
459911,,,WESTFIELD,ST,,,WESTFIELD ST,681186,04719576-81cc-43b2-af46-8840cbf3a546,2090,WESTFIELD ST
459912,,,WESTINGHOUSE,PKWY,,,WESTINGHOUSE PKWY,717392,f4e80a65-b765-4892-a66f-b00047113a5c,2091,WESTINGHOUSE PKWY
459913,,,WESTLAND,ST,,,WESTLAND ST,703242,039045a0-985c-42b7-811c-e8dac573b185,2092,WESTLAND ST
459914,,,WESTMINSTER,ST,,,WESTMINSTER ST,769265,fcd310e4-1346-4aab-9193-bf3307ab7549,2093,WESTMINSTER ST
459915,,,WESTMORLAND,DR,,,WESTMORLAND DR,550283,b1d6d8ba-7b6e-46e0-9c7d-60634c2a5ce2,2094,WESTMORLAND DR
459916,,,WESTOVER,RD,,,WESTOVER RD,769409,3a63f664-beb9-4d84-b929-2838e61e0d3d,2095,WESTOVER RD
459917,,,WESTPORT,RD,,,WESTPORT RD,665378,151fc18d-b8ce-4e1f-a716-8237454c18ca,2096,WESTPORT RD
459918,,,WESTVIEW,RD,,,WESTVIEW RD,648237,866a0858-8884-4d15-90d5-a787a6266e24,2097,WESTVIEW RD
459919,,,WESTWOOD,CIR,,,WESTWOOD CIR,688299,98f28dc2-9dbc-4403-b965-29ba021cfb86,2098,WESTWOOD CIR
459920,,,WESTWOOD,DR,,,WESTWOOD DR,680299,a4237c6a-a0ea-400b-9256-3a5a48442bef,2099,WESTWOOD DR
459921,,,WETHERELL,ST,,,WETHERELL ST,671232,fdd8eea9-ba52-4c93-ae9a-5968f82e80c6,2100,WETHERELL ST
459922,,,WHARTON,ST,,,WHARTON ST,652187,fd72b488-42ab-42cd-b46c-6f525a34ffb3,2101,WHARTON ST
459923,,,WHEELER,AVE,,,WHEELER AVE,707287,6849b14b-5865-47d5-aabe-dd3f7d1045f7,2102,WHEELER AVE
459924,,,WHIPPLE,ST,,,WHIPPLE ST,749093,544b6857-70f9-4ab0-980d-7e33ca1abf4c,2103,WHIPPLE ST
459925,,,WHIPPOORWILL,DR,,,WHIPPOORWILL DR,755462,5fb22eb8-1a92-4c11-953d-cb25c35be441,2104,WHIPPOORWILL DR
459926,,,WHISPER,DR,,,WHISPER DR,634332,24bc2a0f-1a51-4ef9-8dba-6a5d26eccd86,2105,WHISPER DR
459927,,,WHITE,AVE,,,WHITE AVE,826347,94997c76-5874-4eab-82f4-19010560d9e1,2106,WHITE AVE
459928,,,WHITE BIRCH,DR,,,WHITE BIRCH DR,602237,4f77761e-3ee2-4c56-90e4-a50e802a745c,2107,WHITE BIRCH DR
459929,,,WHITLA,DR,,,WHITLA DR,893133,7515ceac-016b-4d2a-a6f9-5a7a8771e0c9,2108,WHITLA DR
459930,,,WHITMAN,RD,,,WHITMAN RD,720279,4792c8cf-3806-4b6b-b220-bd11ce077558,2109,WHITMAN RD
459931,,,WHITMARSH,AVE,,,WHITMARSH AVE,762360,79a761f7-1df5-4c1f-8dc5-844a916dcc40,2110,WHITMARSH AVE
459932,,,WHITNEY,ST,,,WHITNEY ST,745144,9accad60-665a-4b6a-9daa-8e162813d777,2111,WHITNEY ST
459933,,,WHITTIER,ST,,,WHITTIER ST,748289,0553ed77-0da0-4766-8d22-a11edf7adfa7,2114,WHITTIER ST
459934,,,WIGWAM,AVE,,,WIGWAM AVE,852239,c6efe7d7-9013-4876-920a-f524598d43d2,2115,WIGWAM AVE
459935,,,WIGWAM HILL,DR,,,WIGWAM HILL DR,856295,4007ed30-5869-409d-85ba-76b85d2a73eb,2116,WIGWAM HILL DR
459936,,,WILBUR,ST,,,WILBUR ST,773471,fe2fb85f-df95-41ce-a9d6-e04b52720999,2117,WILBUR ST
459937,,,WILDEY,AVE,,,WILDEY AVE,756345,170d91b8-4c30-48ad-95cc-53c1639c250c,2118,WILDEY AVE
459938,,,WILDROSE,AVE,,,WILDROSE AVE,577277,d10ff816-99fe-401c-b5d4-37974dddee4a,2119,WILDROSE AVE
459939,,,WILDWOOD,AVE,,,WILDWOOD AVE,600159,a113594a-3899-4966-b805-a71fdbc54d60,2120,WILDWOOD AVE
459940,,,WILKINSON,ST,,,WILKINSON ST,765351,952b3d2a-84d3-48ae-8810-67662e162ebc,2121,WILKINSON ST
459941,,,WILLARD,AVE,,,WILLARD AVE,615258,5cf82552-0bb5-401c-8c6a-c693c03cf5a4,2122,WILLARD AVE
459942,,,WILLIAM,ST,,,WILLIAM ST,724226,d8ac7ed1-7a61-4a71-ad6c-671db3192d9b,2123,WILLIAM ST
459943,,,WILLIAMSBERG,DR,,,WILLIAMSBERG DR,612189,6ec7dc86-fd05-4106-881f-414b02192021,2124,WILLIAMSBERG DR
459944,,,WILLIS,ST,,,WILLIS ST,745290,e9eb058c-047f-4668-8e4c-6f966311ec12,2125,WILLIS ST
459945,,,WILLOW,ST,,,WILLOW ST,661187,fb66a25d-1233-4376-8bc5-87482d7c3dc0,2126,WILLOW ST
459946,,,WILLOWBROOK,LN,,,WILLOWBROOK LN,675300,a7eac13b-0637-4372-9c95-ea72197b24f2,2127,WILLOWBROOK LN
459947,,,WILLVAIL,ST,,,WILLVAIL ST,601120,1175c1ed-ac7f-4ad8-96c9-78b7484254bd,2128,WILLVAIL ST
459948,,,WILSON,ST,,,WILSON ST,801232,1b9059a9-a65f-4352-8677-7d529ed07ab4,2129,WILSON ST
459949,,,WILTSHIRE,DR,,,WILTSHIRE DR,702291,9e6d0489-8db6-4dfa-8313-f224f05bcdf1,2130,WILTSHIRE DR
459950,,,WINCHESTER,AVE,,,WINCHESTER AVE,615136,c0f0594d-a031-4b49-a110-3f025fe05115,2131,WINCHESTER AVE
459951,,,WINCO,RD,,,WINCO RD,852284,1849e4ce-eab9-410d-b437-c85fc62acdc5,2132,WINCO RD
459952,,,WINDEMERE,RD,,,WINDEMERE RD,584277,fb528f3a-a9c4-4d3b-b521-4c6fbad48858,2133,WINDEMERE RD
459953,,,STONE HAVEN,WAY,,,STONE HAVEN WAY,559268,af6d4f1e-13b9-4158-903c-d1c58bf4b73b,2209,STONE HAVEN WAY
459954,,,MINK'S,CIR,,,MINK'S CIR,853215,bc7edbb3-669c-4d9c-9817-3326dfd03ff0,13325,MINK CIR
459955,,,BANNISTER,ST,,,BANNISTER ST,805394,7c1474b5-b7f6-4c4d-a983-fc50ea261b5b,148,BANNISTER ST
459956,,,BIGELOW DAVIS,PKWY,,,BIGELOW DAVIS PKWY,867198,57de32ee-5910-4ab7-b3f5-b46f740231bf,223,BIGELOW DAVIS PKWY
459957,,,SHIRRINGHAM,LN,,,SHIRRINGHAM LN,637367,95a50f64-e89b-46f9-9a3f-7b3323ec9efa,1780,SHIRRINGHAM LN
459958,,,FRANCIS J. MCGRATH,BLVD,,,FRANCIS J. MCGRATH BLVD,744190,46fbd302-0519-40c7-acdd-f1f7da2c4857,771,FRANCIS J. MCGRATH BLVD
459959,,,JEREMIAH'S,LN,,,JEREMIAH'S LN,561275,8763a180-0483-49ee-9282-2f77a69668be,4439,JEREMIAH'S LN
459960,,,BLUEHILL,RD,,,BLUEHILL RD,775354,3294c423-86f0-4388-9723-3a9b1d238956,247,BLUEHILL RD
459961,,,SHADYBROOK,LN,,,SHADYBROOK LN,607153,1d04eb2b-996d-4813-bc52-baeb635243d5,1763,SHADY BROOK LN
459962,,,HEMANS,CT,,,HEMANS CT,739291,1f9e506b-04a7-4287-bd38-ead5af769bdf,9315,HEMANS CT
459963,,,PIERCE,AVE,,,PIERCE AVE,803332,a2f48ab7-23d6-4bc5-8b74-e8d0508eaff0,1554,PIERCE AVE
459964,,,AUSTIN,PL,,,AUSTIN PL,730204,b9df4d03-dd67-486e-bb02-2630a99ff7fb,126,AUSTIN PL
459965,,,ESSEX,CT,,,ESSEX CT,727198,f67f6bf7-abbf-40ba-8f2d-45d03d94880d,686,ESSEX CT
459966,,,FAIRCHILD,AVE,,,FAIRCHILD AVE,787493,1e9a61ac-ef99-4330-bb0c-357dc271ad65,707,FAIRCHILD AVE
459967,,,BIDDEFORD,AVE,,,BIDDEFORD AVE,763370,b3f65e6b-91ef-47c0-9faa-84c38789631f,221,BIDDEFORD AVE
459968,,,EXCHANGE,PL,,,EXCHANGE PL,748220,0d3f52eb-91c6-4907-9c02-0686dc1966f7,7045,EXCHANGE PL
459969,,,ATHENS,ST,,,ATHENS ST,810208,0e925312-0651-439f-b20f-268094510667,116,ATHENS ST
459970,,,SUMMER,ST,,CT,SUMMER ST CT,762210,49490e30-c8fe-4414-b587-a5151760211e,1867,SUMMER ST CT
459971,,,BRIARWOOD,TER,,,BRIARWOOD TER,826399,cd597c16-bc99-44af-a53d-e5391fe7beb1,,BRIARWOOD TER
459972,,,JOPPA,WAY,,,JOPPA WAY,569256,26477937-b011-4322-bb98-1d66515eb5c0,,JOPPA WAY
459973,,,O'HARA,CIR,,,O'HARA CIR,907119,9c0a2d13-272c-4b1f-b273-2e62d3b55f66,1463,OHARA CIR
459974,,,FAIRVIEW,AVE,,,FAIRVIEW AVE,594192,087261b9-672c-4b40-a322-4d2a04b761f9,,FAIRVIEW AVE
459975,,,PICKWICK'S,CIR,,,PICKWICK'S CIR,702344,028334dc-c548-4e67-b641-64151e5b6b56,4444,PICKWIC CIR
459976,,,EMPIRE,ST,,,EMPIRE ST,852202,41b3ee33-dd2a-494e-aa8c-470ec566aeb9,6725,EMPIRE ST
459977,,,MLK JR.,BLVD,,,MLK JR. BLVD,754223,1ed3be8a-753d-4e44-9093-27108e014e3c,377,MLK JR BLVD
459978,,,PAULINE,ST,,,PAULINE ST,639089,19c21e25-0a98-49a1-ad05-bf35ec925fba,1529,PAULINE ST
459979,,,KNEELAND,CT,,,KNEELAND CT,781212,ea4f49bc-b599-4936-8f78-b4f993bd878a,2210,KNEELAND CT
459980,,,LOIS,LN,,,LOIS LN,696219,08e11582-2cbb-44a2-b38d-046014c13a50,4442,LOIS LN
459981,,,QUANSET,RD,,,QUANSET RD,858283,dbdb406c-de41-411a-af56-265a7828f79b,1615,QUANSET RD
459982,,,BERKELEY,ST,,,BERKELEY ST,779220,c52cf464-c436-4601-9d7c-249937f42012,213,BERKELEY ST
459983,,,SALA,ST,,,SALA ST,724396,575c87ec-ea76-4f37-a79d-2d76bc1fd462,1724,SALA ST
459984,,,CHURCH,ST,,,CHURCH ST,749205,4e71b1e0-e9ff-4edc-b8f6-10e5139cd55f,,CHURCH ST
459985,,,WOODHAVEN,LN,,,WOODHAVEN LN,652312,0ad4deba-e17c-4e91-867f-d75da1014cb0,2151,WOODHAVEN LN
459986,,,CROWN,ST,,PL,CROWN ST PL,726205,9ffd62b2-d1a7-4489-ba28-80c440bda36f,3,CROWN ST PL
459987,,,WALDO,ST,,PL,WALDO ST PL,748219,8746b122-d23f-4032-a0c0-ad5b40908c7e,6,WALDO ST PL
459988,,,DIXON,AVE,SOUTH,,DIXON AVE SOUTH,631082,2589479f-7392-4434-b893-1c0e9a0b52f1,5805,DIXON AVE S
459989,,,PLANTATION,PKWY,,,PLANTATION PKWY,844288,1bf6f8f5-f1a7-4b6b-a0f6-bcc150aac5f4,15705,PLANTATION PKWY
459990,,,EATON,PL,,,EATON PL,756207,19a3f925-2f6a-4a66-8b9a-72a2ba34a32e,632,EATON PL
459991,,,MERCANTILE,ST,,,MERCANTILE ST,754210,74ef8c9a-ce14-4d28-9843-1bd990727099,13065,MERCANTILE ST
459992,,,TRUMBULL,ST,,,TRUMBULL ST,753203,375370dc-8f17-4cd0-8412-043d4981ce74,19245,TRUMBULL ST
459993,,,ST. PAUL,DR,,,ST. PAUL DR,667280,af266642-a428-4e1a-8f61-a87de36d6933,1829,SAINT PAUL DR
459994,,,ST. NICHOLAS,AVE,,,ST. NICHOLAS AVE,802379,0966c6e3-9a42-431b-8cfc-ecec16b52d6e,1828,SAINT NICHOLAS AVE
459995,,,ST. MARK'S,RD,,,ST. MARK'S RD,789409,3222ca1c-d187-425e-b928-a09b1cf43e33,1827,SAINT MARK'S RD
459996,,,ST. LOUIS,ST,,,ST. LOUIS ST,793074,9262e75f-c848-4533-a3b3-d6509658f6a9,1826,SAINT LOUIS ST
459997,,,ST. KEVIN,RD,,,ST. KEVIN RD,630090,87025038-12de-4455-936f-2d96e20f1306,1825,SAINT KEVIN RD
459998,,,HYATT,ST,,,HYATT ST,595112,78f846a0-4fa8-4097-a6f9-1484e5a52836,1002,HYATT ST
459999,,,COURT,ST,,,COURT ST,748236,ebdd847c-9ce7-49c3-9241-a771bd186f45,489,COURT ST
460000,,,KETTLEBROOK,WAY,,,KETTLEBROOK WAY,592097,eaee22b5-0da8-45b5-8177-6356ffa31fc4,,KETTLEBROOK WAY
460001,,,JANICE NADEAU,WAY,,,JANICE NADEAU WAY,713548,43b7b589-05d9-4613-9f2a-f5a866ed5c3b,10465,JANICE NADEAU WAY
460002,,,SUMMIT PARK,RD,,,SUMMIT PARK RD,788471,9274481c-8fac-47c8-abe0-6f004e6c929f,,SUMMIT PARK RD
460003,,,SUNRISE,AVE,,EXT,SUNRISE AVE EXT,728406,e822b20e-eb00-40fb-a2ce-125406c53b45,,SUNRISE AVE EXT
460004,,,WOODCLIFFE,AVE,,EXT,WOODCLIFFE AVE EXT,825116,99609c89-b6c3-4cea-b4a0-55b01b1da5c0,,WOODCLIFFE AVE EXT
460005,,,WEYMOUTH,ST,,,WEYMOUTH ST,808303,9b4ba042-e402-42a2-ba2f-c374671b2d4b,,WEYMOUTH ST
460006,,,WAMPUM,TRAIL,,,WAMPUM TRAIL,860289,f202299b-2052-44ff-ae0c-12ec2ae8db90,,WAMPUM TRAIL
460007,,,HOLBROOK,ST,,,HOLBROOK ST,829194,055367ad-c810-4476-9180-336c649a9351,4468,HOLBROOK ST
460008,,,LOOP,RD,,,LOOP RD,768400,b3a3d2bb-b3ae-4f93-b972-e83eb1d81f91,,LOOP RD
460009,,,ALDEN,ST,,,"ALDEN ST, AUBURN",650083,c25de43c-b388-465a-bb34-afdbbaadc73a,,"ALDEN ST, AUBURN"
460010,,,OXFORD,ST,,,"OXFORD ST, AUBURN",646083,3f4e82b6-0403-4577-9075-b2ff8ed30aad,,"OXFORD ST, AUBURN"
460011,,,ARLENE,DR,,,"ARLENE DR, PAXTON",525285,47999784-9d76-4f9f-981f-f3510e99937d,,"ARLENE DR, PAXTON"
460012,,,SUMNER,ST,,,"SUMNER ST, AUBURN",648084,929f6d5e-8ea7-43d9-8840-bd21a95d09e6,,"SUMNER ST, AUBURN"
460013,,,WOODLAND,DR,,,"WOODLAND DR, PAXTON",525281,30b6014a-83e0-4d02-870e-e4ae634c11b8,,"WOODLAND DR, PAXTON"
460014,,,FITTON,AVE,,,FITTON AVE,722129,ddee9bd7-b1dc-4898-9cbf-d2c5a161e9ca,,FITTON AVE
460015,,,KIMBALL,RD,,,KIMBALL RD,728128,1e4d4706-12d7-4451-93e1-405524975b6f,,KIMBALL RD
460016,,,LOYOLA,RD,,,LOYOLA RD,736121,81280b6e-20e3-45e3-9823-d3ea9eca2186,,LOYOLA RD
460017,,,MCCARTHY,LN,,,MCCARTHY LN,739116,980fab3f-566c-4b32-98ad-0313b607e9fc,,MCCARTHY LN
460018,,,EASY,ST,,,EASY ST,733118,d02c17fd-f732-4722-aae6-49965fef87d3,,EASY ST
460019,,,LOWER EASY,ST,,,LOWER EASY ST,731121,2c1644d3-1231-44f0-a511-3481fc7c5f93,,LOWER EASY ST
460020,,,UPPER CAMPUS,RD,,,UPPER CAMPUS RD,727116,939d9be9-84a2-4e48-8010-a781f13f34b7,,UPPER CAMPUS RD
460021,,,HABERLIN,RD,,,HABERLIN RD,721121,ad79e213-74c8-4180-ba10-6970711cf8f1,,HABERLIN RD
460022,,,LINDEN,LN,,,LINDEN LN,720122,7bd7926e-edfc-44be-9f70-1a3d9de78736,,LINDEN LN
460023,,,JASPER,ST,,,JASPER ST,738203,59946043-9d51-472e-9327-ea7a797834cc,,JASPER ST
460024,,,IDAHO,ST,,,IDAHO ST,649368,ec220412-5400-423c-b208-8ed914ed79eb,,IDAHO ST
460025,,,WALMART,WAY,,,WALMART WAY,780099,aad9a964-9afe-4c8d-bfc2-e68944a4e688,,WALMART WAY
460026,,,WYOMING,SITE,,,WYOMING SITE,746231,d883af5a-02b0-4290-98c5-0ac4c3fbeed0,2170,WYOMING SITE
460027,,,PAUL CLANCY,WAY,,,PAUL CLANCY WAY,759112,f0cae89d-2916-4604-9b5a-00da02783704,,PAUL CLANCY WAY
460028,,,GENERAL FOCH,AVE,,,GENERAL FOCH AVE,815225,517beef1-68bc-41b1-8ed0-64fd5a801ff1,,GENERAL FOCH AVE
460029,,,FRANCIS R. CARROLL,PLZ,,,FRANCIS R. CARROLL PLZ,740202,1a0854bd-9e2a-47c6-b412-59a73b604e90,7715,FRANCIS R. CARROLL PLZ
460030,SOUTH,,MAXWELL,CT,,,SOUTH MAXWELL CT,750126,5207dc27-ccc2-4959-a9b4-7827fb8839ec,,S MAXWELL CT
460031,,,BITTERSWEET,BLVD,,,BITTERSWEET BLVD,732082,db1d0503-86a3-4afd-972d-086e65f30118,,BITTERSWEET BLVD
460032,,,SNOWBERRY,CIR,,,SNOWBERRY CIR,733080,f14bb969-3946-46c7-a164-87edf2a66f98,,SNOWBERRY CIR
460033,,,INDIGO,CIR,,,INDIGO CIR,734083,1dabd836-69c0-476f-bba8-6b095b992fd0,,INDIGO CIR
460034,,,CHERRY BLOSSOM,CIR,,,CHERRY BLOSSOM CIR,806340,8a377e2e-af6d-49c9-91a1-b7c471a85398,,CHERRY BLOSSOM CIR
460035,,,SOURWOOD,CIR,,,SOURWOOD CIR,805342,d6cabc9b-51f3-4b5c-8aa5-b10d6babb6bc,,SOURWOOD CIR
460036,,,SILVER LINDEN,LN,,,SILVER LINDEN LN,801350,ad3ae750-7f23-400d-a457-755de9b16187,,SILVER LINDEN LN
460037,,,BASSWOOD,BLVD,,,BASSWOOD BLVD,799349,fed97f42-ed67-46a0-bd77-6e2ac8531a17,,BASSWOOD BLVD
460038,,,PAPER BIRCH,PATH,,,PAPER BIRCH PATH,803345,fea381e0-65c5-45af-95ca-f1f8207c579d,,PAPER BIRCH PATH
460039,,,PORTO RICO,RD,,,PORTO RICO RD,597085,0e8258ea-c081-43e6-a28e-da945811f825,1591,PORTO RICO RD
460040,,,KIARA,DR,,,KIARA DR,835223,5e220733-d53c-4f91-922b-6614bcc3c88e,,KIARA DR
460046,,,BURNCOAT,HTS,,,BURNCOAT HTS,779443,4e14b633-c307-41d3-a1e0-7fe9a174f3a1,,BURNCOAT HTS
460047,,,WRENTHAM,RD,,,WRENTHAM RD,622279,c0d2b3a0-dabd-46a6-a438-ade483ea476b,2167,WRENTHAM RD
460048,,,STONE HOUSE HILL,RD,,,"STONE HOUSE HILL RD, HOLDEN",568328,3d072cea-e516-47ac-91f0-7e73185024f6,,"STONE HOUSE HILL RD, HOLDEN"
460049,,,RAND-WHITNEY,WAY,,,RAND-WHITNEY WAY,761061,b11a540d-c616-417a-a886-58714118fdd4,26,RAND-WHITNEY WAY
460050,,,MARIA,LN,,,MARIA LN,808397,342ca53b-6cfd-4f8c-8473-64a15a049148,,MARIA LN
460051,,,BOYS & GIRLS CLUB,WAY,,,BOYS & GIRLS CLUB WAY,705168,e8e0c3e2-9046-4695-b01c-792cd75bc91d,1093,BOYS AND GIRLS CLUB WAY
460052,,,REACTORY,DR,,,REACTORY DR,823257,23773ca6-c6b8-4289-95f4-02c13fc5b743,982,REACTORY DR
460053,,,CANAL,ST,,EXT,CANAL ST EXT,751194,cf319268-5393-424d-bb47-1343201db296,,CANAL ST EXT
460054,,,WINDHAM,ST,,,WINDHAM ST,756145,bbb72f3f-40cb-4c73-9a4e-38654ff2415a,2134,WINDHAM ST
460055,,,WINDSOR,ST,,,WINDSOR ST,774271,4f8a8dd3-d86b-4446-b300-eb88a767eef7,2135,WINDSOR ST
460056,,,WINFIELD,PL,,,WINFIELD PL,686199,c3ce7650-f313-4720-a424-d81ede327ba5,2136,WINFIELD PL
460057,,,WINFIELD,ST,,,WINFIELD ST,691198,91c0b5df-c0d6-4c26-aadc-f0877cdcc685,2137,WINFIELD ST
460058,,,WINIFRED,AVE,,,WINIFRED AVE,680248,9c897855-6ea2-4971-a052-884e2e474923,2139,WINIFRED AVE
460059,,,WINNECONNETT,RD,,,WINNECONNETT RD,858273,df277b5a-ce36-4c6d-8442-c5378eee7816,2140,WINNECONNETT RD
460060,,,WINNIPEG,ST,,,WINNIPEG ST,791070,1ca8a14d-921c-40d4-8be0-5da505d67c65,2141,WINNIPEG ST
460061,,,WINSLOW,ST,,,WINSLOW ST,707208,de8a2716-c4e6-4185-9b9b-ec1ed5375ca5,2142,WINSLOW ST
460062,,,WINSTON,RD,,,WINSTON RD,788414,7060c10c-f8b2-440b-bf88-ac65e73ded40,2143,WINSTON RD
460063,,,WINTER,ST,,,WINTER ST,760193,9074e77f-cfb4-40ee-9223-1ae19f233526,2144,WINTER ST
460064,,,WINTER HILL,DR,,,WINTER HILL DR,687357,9a8c6825-d5e0-4b71-a393-b1897ae6f392,2146,WINTER HILL DR
460065,,,WINTHROP,ST,,,WINTHROP ST,768158,811aab7e-49fe-4dfd-ac67-c829f20b0c84,2147,WINTHROP ST
460066,,,WISER,AVE,,,WISER AVE,770078,4814adce-f054-48c8-b6e2-2d7f88151300,2148,WISER AVE
460067,,,WISTERIA,ST,,,WISTERIA ST,836145,e78b3664-03f6-43ea-96e2-e1edd42f3fe7,2149,WISTERIA ST
460068,,,WOBURN,ST,,,WOBURN ST,750385,86e64bf1-1e64-481f-b308-a46679a370bc,2150,WOBURN ST
460069,,,WOODBINE,ST,,,WOODBINE ST,674165,04dba250-b386-4546-9654-50f18748207b,2152,WOODBINE ST
460070,,,WOODBURY,ST,,,WOODBURY ST,734304,21c7c15c-3e8e-4f6e-9126-21f4a38edb92,2153,WOODBURY ST
460071,,,WOODCLIFFE,AVE,,,WOODCLIFFE AVE,825111,5608bae7-ac11-4fef-ae6b-79ee69b82285,2154,WOODCLIFFE AVE
460072,,,WOODFORD,ST,,,WOODFORD ST,775143,453d5dc8-26e8-49ab-b997-076ecea20868,2155,WOODFORD ST
460073,,,WOODLAND,PKWY,,,WOODLAND PKWY,694175,d2080884-3121-4a8d-8b7b-57ef7f2229d7,2156,WOODLAND PKWY
460074,,,WOODLAND,ST,,,WOODLAND ST,699181,bcf1105f-9f5d-4c52-b11e-ba7ec6211e08,2157,WOODLAND ST
460075,,,ATLAS,ST,,,ATLAS ST,882133,933db5c3-4ac9-4d3b-97c2-e0812621594d,118,ATLAS ST
460076,,,BARRY,RD,,EXT,BARRY RD EXT,668353,29691d40-d270-43ee-bacc-b36d975f1c4e,159,BARRY RD EXT
460077,,,BATES,AVE,,,BATES AVE,806306,40295ff2-f6af-4b9c-ad49-eb60992064c6,162,BATES AVE
460078,,,BAUER,LN,,,BAUER LN,598120,0ff8672f-f6ed-4836-a40b-6a3dcf217761,163,BAUER LN
460079,,,BAUER,ST,,,BAUER ST,599121,de51fbfc-8f34-4344-8c73-33ce72af57c5,164,BAUER ST
460080,,,BLOSSOM,ST,,,BLOSSOM ST,705218,ae5cde1e-d40e-4a78-a489-30e45894ec02,245,BLOSSOM ST
460081,,,BLUE BELL,RD,,,BLUE BELL RD,785409,c876a79a-bbba-4a9e-bd84-39da3072c93b,246,BLUE BELL RD
460082,,,BOARDMAN,ST,,,BOARDMAN ST,735325,32ddd6c9-c015-45fa-be89-5f780462ad15,249,BOARDMAN ST
460083,,,BOLTON,ST,,,BOLTON ST,782132,62ae5a9d-1060-44f1-b926-cb69a0ddf213,250,BOLTON ST
460084,,,BOURNE,ST,,,BOURNE ST,753353,089c2e25-8c53-4009-9b03-c8276a3df04b,257,BOURNE ST
460085,,,BOWKER,ST,,,BOWKER ST,816188,fc07e867-3461-4dc0-a8df-54bbf24e953c,260,BOWKER ST
460086,,,BOXFORD,ST,,,BOXFORD ST,751393,d66ce619-d08f-4d28-9d2e-ea237cc586b5,262,BOXFORD ST
460087,,,BOYDEN,ST,,,BOYDEN ST,713113,fd9b72a8-7440-42c9-b399-53da74f313f7,265,BOYDEN ST
460088,,,BOYNTON,ST,,,BOYNTON ST,734246,b66da206-a12b-4d14-8c89-08405601d731,267,BOYNTON ST
460089,,,BRANDON,RD,,,BRANDON RD,785381,c9f81995-e351-4c73-ab83-f76ae87476c0,270,BRANDON RD
460090,,,BRATTLE,ST,,,BRATTLE ST,704410,aecdaedc-e9a2-4c2a-93bf-d71ab2832dd8,272,BRATTLE ST
460091,,,BREMER,ST,,,BREMER ST,744288,230ef69d-fa15-441a-a037-1db151d00572,275,BREMER ST
460092,,,BREWSTER,RD,,,BREWSTER RD,559264,a48f1cc6-9feb-46b0-933c-f8eef5a9e052,277,BREWSTER RD
460093,,,BRIARCLIFF,ST,,,BRIARCLIFF ST,612293,ae19aa4e-b69c-4cc3-8457-8dc09998a509,279,BRIARCLIFF ST
460094,,,BRIARWOOD,CIR,,,BRIARWOOD CIR,820416,c367b8ab-a507-41e1-8c98-2902db8500da,280,BRIARWOOD CIR
460095,,,BRIDGE,ST,,,BRIDGE ST,760211,5e395a49-796f-4c9f-803c-aa744a08b137,282,BRIDGE ST
460096,,,BRIDGEPORT,ST,,,BRIDGEPORT ST,784143,94e97b2a-0b14-48ea-a4b6-7e1712a06352,283,BRIDGEPORT ST
460097,,,BRIEF,ST,,,BRIEF ST,844185,3584e0da-ee7f-4beb-a53f-2aa4086667bc,285,BRIEF ST
460098,,,BRIGHAM,RD,,,BRIGHAM RD,620321,82dff7a3-dd39-435e-a8a7-900c377f6a3a,287,BRIGHAM RD
460099,,,BRIGHTON,RD,,,BRIGHTON RD,783358,6d23f57c-134c-454d-8ea5-25ba98db39cf,288,BRIGHTON RD
460100,,,BRIGHTWOOD,AVE,,,BRIGHTWOOD AVE,815143,ec6e4f64-ec7f-439c-bdff-287664593c38,289,BRIGHTWOOD AVE
460101,,,BRISTOL,ST,,,BRISTOL ST,777420,f62be0d2-f5fc-42f9-bee7-24ec8c2b7540,290,BRISTOL ST
460102,,,BROOKDALE,ST,,,BROOKDALE ST,844198,63acd80b-4803-4542-a735-2d7bd0f4e150,293,BROOKDALE ST
460103,,,BROOKLINE,ST,,,BROOKLINE ST,622152,d978fb6c-db3e-4469-a580-b69c8d68386b,296,BROOKLINE ST
460104,,,BROOKMAN,ST,,,BROOKMAN ST,699411,0f525027-1421-4221-96c9-ac4c250626b8,297,BROOKMAN ST
460105,,,BROOKS,ST,,,BROOKS ST,747411,bb696cb0-2f05-48c8-a540-6b75c8d59809,298,BROOKS ST
460106,,,BROOKSHIRE,RD,,,BROOKSHIRE RD,657296,e4c7a739-a8a6-4dc7-8ac0-1527004a75b3,299,BROOKSHIRE RD
460107,,,BROOKSIDE,AVE,,,BROOKSIDE AVE,601260,c1ae6bfb-5a7e-4cbe-a91e-e2164bcfab9c,300,BROOKSIDE AVE
460108,,,BROOME,AVE,,,BROOME AVE,859108,3d667c98-acac-4660-a807-138ff1009550,302,BROOME AVE
460109,,,BROUGHTON,RD,,,BROUGHTON RD,748058,e76803ca-123d-4513-9736-8235213dc2a1,303,BROUGHTON RD
460110,,,BROWNELL,ST,,,BROWNELL ST,671220,a02dba65-de39-42e6-b016-a4123c24fb3f,305,BROWNELL ST
460111,,,BRUCE,ST,,,BRUCE ST,883126,c2e82260-833e-4f09-ab5f-e1f58cd10628,307,BRUCE ST
460112,,,BRUSSELS,ST,,,BRUSSELS ST,710131,e767f102-5aa1-4acd-ab5e-020f528390cf,308,BRUSSELS ST
460113,,,BRYN MAWR,AVE,,,BRYN MAWR AVE,822302,4d0a2878-1663-4dbe-bc30-2bb5f9313c43,310,BRYN MAWR AVE
460114,,,BUCKLEY,RD,,,BUCKLEY RD,639212,9486526c-b112-4cfb-b144-450d2c245e77,312,BUCKLEY RD
460115,,,BUDDY,RD,,,BUDDY RD,600091,c3ffcb6f-ab93-4e39-b3ca-cc6069cc32a4,313,BUDDY RD
460116,,,BULLARD,AVE,,,BULLARD AVE,832345,fd88efb6-4a0d-4f86-892d-d42957eb5164,315,BULLARD AVE
460117,,,BURGHARDT,ST,,,BURGHARDT ST,883117,2d922e3f-43d8-4499-a07f-af594b0efbb2,317,BURGHARDT ST
460118,,,BURNCOAT,ST,,,BURNCOAT ST,779386,ce9eacfc-010d-4b29-80bd-de46f843b7f1,318,BURNCOAT ST
460119,,,BURNS,CT,,,BURNS CT,707145,b9281bd4-d2e4-4753-8954-2b1dcf3360c4,320,BURNS CT
460120,,,BURT,ST,,,BURT ST,764195,3f6cfc27-13ca-4c58-b57e-3d0dfb336dcd,322,BURT ST
460121,,,BURTON,CT,,,BURTON CT,753122,c119a17b-1e57-4675-b594-576f701a16a7,323,BURTON CT
460122,,,BUTLER,ST,,,BUTLER ST,750106,66ee1faa-518e-4193-8375-6eff6cdf0ff8,325,BUTLER ST
460123,,,BUTTERNUT HILL,DR,,,BUTTERNUT HILL DR,698281,6994ba24-eb32-4996-99da-08f125415f70,326,BUTTERNUT HILL RD
460124,,,BYRON,ST,,,BYRON ST,750290,34b92b51-916e-4765-91d3-98cc07616540,328,BYRON ST
460125,,,CADMAN,ST,,,CADMAN ST,888136,223ba7aa-d8c0-4c98-b919-071fce3cf72b,330,CADMAN ST
460126,,,CALUMET,AVE,,,CALUMET AVE,792365,1fec8d45-d43f-4351-a70a-0a625232a2dc,333,CALUMET AVE
460127,,,CAMBRIDGE,ST,,,CAMBRIDGE ST,702139,be615191-4071-486c-8375-543ede2a6d6b,336,CAMBRIDGE ST
460128,,,CAMELOT,DR,,,CAMELOT DR,631287,2dcfa02f-f9a8-48a1-8695-688e02427b7e,338,CAMELOT DR
460129,,,CAMP,ST,,,CAMP ST,703139,81f2cdaf-6999-42fc-9346-e787228de8ef,340,CAMP ST
460130,,,CANDLEWOOD,ST,,,CANDLEWOOD ST,620224,df6349c4-7f47-4f0e-b739-70a3a2f956f1,342,CANDLEWOOD ST
460131,,,CANTERBURY,ST,,,CANTERBURY ST,705153,5d6499fa-5076-4e5a-87c1-d08c18108fe4,343,CANTERBURY ST
460132,,,CAPITOL,ST,,,CAPITOL ST,794400,d5e59f56-b392-45e3-bf66-6582ad668788,345,CAPITOL ST
460133,,,CARDINAL,RD,,,CARDINAL RD,620262,32e55d58-22cc-4438-acc3-94fec2a5211d,348,CARDINAL RD
460134,,,CARL,ST,,,CARL ST,806100,a669ff42-b386-4cca-b8a8-119834ca36ce,350,CARL ST
460135,,,CARLSTAD,ST,,,CARLSTAD ST,755091,fdb84413-cc82-4d97-97df-53808f45ef12,353,CARLSTAD ST
460136,,,CAROLINE,ST,,,CAROLINE ST,796181,b13b3f80-3432-4c50-be5d-6e046696278b,355,CAROLINE ST
460137,,,CARSON,CT,,,CARSON CT,710147,baeceeac-a561-4d4e-952b-af093c8d74bb,358,CARSON CT
460138,,,CARTER,WAY,,,CARTER WAY,626322,383eba8a-91a1-4134-ad35-8ead03458c79,360,CARTER WAY
460139,,,CATHARINE,ST,,TER,CATHARINE ST TER,785250,e6c5fbc4-4923-4ba8-8d5a-e306e879c804,373,CATHARINE ST TER
460140,,,CHESTNUT,ST,,EXT,CHESTNUT ST EXT,735209,43b4fb6b-204e-4e7f-9a2e-fc0e857c5a98,403,CHESTNUT ST EXT
460141,,,COOLIDGE,RD,,,COOLIDGE RD,682221,3506f72d-7c21-4769-9ecc-4a6425050868,473,COOLIDGE RD
460142,,,GRAND,ST,,CT,GRAND ST CT,710145,bce3f2fb-5834-4bd2-b850-c6d660d3538a,845,GRAND STREET CT
460143,,,GROVE,ST,,TER,GROVE ST TER,681387,d26198e2-87ff-4b54-a457-59bde533bfc2,873,GROVE STREET TER
460144,,,JOHN,ST,,PL,JOHN ST PL,736229,0f851370-9745-4193-b52c-e1ba3c33cb56,1059,JOHN STREET PL
460145,,,JUNE,ST,,TER,JUNE ST TER,612214,17c62343-be51-43c4-a665-e6f18ebc472f,1070,JUNE STREET TER
460146,,,MALDEN,ST,,COMMON,MALDEN ST COMMON,765433,fbd41b4d-a0de-4c34-9f1a-d26fa8e5ee1b,1225,MALDEN ST COMMON
460147,,,MILL,ST,,EXT,MILL ST EXT,660143,918c76d6-5add-4630-8047-3dd1c654c428,1327,MILL ST EXT
460148,,,MORAN,CT,,,MORAN CT,752276,df54c1fb-bca9-4450-8319-69d3a3941121,1362,MORAN CT
460149,,,MORTON,CT,,,MORTON CT,722173,daaec039-a3e4-42c5-945e-e0864e346d4b,1369,MORTON CT
460150,,,MOUNT PLEASANT,ST,,,MOUNT PLEASANT ST,716178,b2027992-ae67-4fa6-84ab-532a066599eb,1375,MOUNT PLEASANT ST
460151,,,MOUNT VERNON,ST,,,MOUNT VERNON ST,774260,c190432f-c748-4370-b72f-c707e73c66f6,1376,MOUNT VERNON ST
460152,,,KERMIT,RD,,,KERMIT RD,605148,8b0b5060-a196-49bc-b6ed-adfa605fda0e,10925,KERMIT RD
460153,,,APPLETON,RD,,,APPLETON RD,666193,8756c71a-87b8-4889-955b-4d4e6c871198,7105,APPLETON RD
460154,,,ABRAMSON,LN,,,ABRAMSON LN,755029,4f44bd79-e047-414f-bcdf-5bb10e177979,11005,ABRAMSON LN
460155,,,BROWN,SQ,,,BROWN SQ,822226,0019eca9-1cdf-4cca-b143-ac646ae95388,3035,BROWN SQ
460156,,,LAKE,AVE,,,LAKE AVE,875189,024cd8cc-c6e3-4678-9d05-e4d77ae4393a,1119,LAKE AVE
460157,,,LAKE VIEW,ST,,,LAKE VIEW ST,861228,f93f9a9e-9f4b-45cf-84b7-f10e97de359c,1121,LAKE VIEW ST
460158,,,LAKESIDE,AVE,,,LAKESIDE AVE,655165,65938dc2-37f4-4817-ab28-380302a15bc3,1122,LAKESIDE AVE
460159,,,LAKEWOOD,ST,,,LAKEWOOD ST,650151,e803a5d5-2b8b-4a0e-b65e-41eb5d0ef4c4,1123,LAKEWOOD ST
460160,,,LAMARTINE,ST,,,LAMARTINE ST,743178,278c8276-d1d3-4b1a-988a-5f8cb795267a,1125,LAMARTINE ST
460161,,,LAMBERT,CIR,,,LAMBERT CIR,681378,b750fcad-a7d1-4cfb-b64d-b13f5d769af5,1126,LAMBERT CIR
460162,,,LANCASTER,ST,,,LANCASTER ST,742247,3ee93423-2777-4a1a-a84b-ef9ef50397a0,1128,LANCASTER ST
460163,,,LANESBORO,RD,,,LANESBORO RD,743449,feca4ac7-bb39-4404-a399-15a8426f3dd8,1130,LANESBORO RD
460164,,,LANSING,AVE,,,LANSING AVE,697356,23ccca6e-4d89-4b4b-af94-088bd87df57c,1132,LANSING AVE
460165,,,LAPIERRE,ST,,,LAPIERRE ST,798199,b67b6ad4-8c62-4384-b111-73c986cff476,1135,LAPIERRE ST
460166,,,LARAIA,ST,,,LARAIA ST,807235,2d37c11e-58d0-4a56-b80e-0e9a5fc3cfe0,1136,LARAIA ST
460167,,,LARKIN,ST,,,LARKIN ST,780212,b4c4156b-860c-43b9-b24b-0bd5f1c37fb4,1138,LARKIN ST
460168,,,LASELLE,AVE,,,LASELLE AVE,816307,ae0d84fc-70a6-4223-88a1-587b801e67c9,1139,LASELLE AVE
460169,,,LAUF,ST,,,LAUF ST,602265,1bd28ecc-bbca-4e38-8b83-491d741c5b49,1140,LAUF ST
460170,,,LAUREL,ST,,,LAUREL ST,768230,9af137fb-22aa-42e3-aee7-746a3dfbb1a8,1141,LAUREL ST
460171,,,LAURELDALE,RD,,,LAURELDALE RD,573267,0b3ede0c-9400-4c18-8173-92b34df39286,1143,LAURELDALE RD
460172,,,LAURELWOOD,DR,,,LAURELWOOD DR,662367,8e377c35-2938-42a1-b116-65344639c828,1144,LAURELWOOD DR
460173,,,LAURIER,ST,,,LAURIER ST,621092,903f1399-83aa-4866-8e7f-2c628f6a809b,1145,LAURIER ST
460174,,,LAVALLEE,TER,,,LAVALLEE TER,614118,2bcb221b-de2f-4182-9ab3-7f70c0e2e3b2,1146,LAVALLEE TER
460175,,,LAWRENCE,ST,,,LAWRENCE ST,732147,6f714ad5-8a5a-47bf-bad4-ec1ecf653be8,1148,LAWRENCE ST
460176,,,IDEAL,RD,,,IDEAL RD,905133,6319be42-0656-493e-9161-1232862fae16,1011,IDEAL RD
460177,,,INNOVATION,DR,,,INNOVATION DR,837262,b207b0ec-2ac8-407d-b09d-41cf5039a510,1023,INNOVATION DR
460178,,,INVERNESS,AVE,,,INVERNESS AVE,825166,12931dbe-493e-48ce-94f1-997511d72edb,1026,INVERNESS AVE
460179,,,IROQUOIS,ST,,,IROQUOIS ST,630211,8fb729cb-40f5-4b15-b2a2-f15ca223a5be,1031,IROQUOIS ST
460180,,,IVANHOE,RD,,,IVANHOE RD,664242,9a0d368c-8721-453e-bcbe-5305788638da,1038,IVANHOE RD
460181,,,IVES,ST,,,IVES ST,675142,14e44ba1-c977-426d-8001-7eaec3b272b3,1041,IVES ST
460182,,,JACQUES,ST,,,JACQUES ST,661133,6321c13f-5aca-4717-aaea-8b136ef055aa,1044,JACQUES ST
460183,,,JAMESBURY,DR,,,JAMESBURY DR,674287,dafcf93f-5fbe-4bfa-b3bf-1531da7965c3,1046,JAMESBURY DR
460184,,,JASMINE,DR,,,JASMINE DR,651376,83ca5e9c-65a3-47c0-ad13-e54aad448361,1048,JASMINE DR
460185,,,JENNINGS,ST,,,JENNINGS ST,858165,f8a08706-8684-41d8-902d-1862dca12ee5,1054,JENNINGS ST
460186,,,JOLMA,RD,,,JOLMA RD,863148,9b046069-cc32-4d71-8594-b34e2cb7d8ec,1061,JOLMA RD
460187,,,JOPPA,RD,,,JOPPA RD,567266,c6706b04-22a2-471b-8564-0d737e43c16b,1064,JOPPA RD
460188,,,JUNIPER,RD,,,JUNIPER RD,583285,cf2a2e59-91b1-4e0f-b958-693e847ffe2b,1071,JUNIPER RD
460189,,,KANSAS,ST,,,KANSAS ST,735145,ebdaee2f-5fad-4cef-af50-ec0da9cd3521,1074,KANSAS ST
460190,,,KELLEY,SQ,,,KELLEY SQ,755180,c3420f07-1773-4588-9a70-acd5fb30ae6a,1081,KELLEY SQ
460191,,,KENDIG,ST,,,KENDIG ST,717107,0442589b-e91d-45e7-b632-0ade2ddb14c6,1084,KENDIG ST
460192,,,KENILWORTH,RD,,,KENILWORTH RD,649256,ac684a7d-229c-4b5e-bc25-f93766ebab99,1086,KENILWORTH RD
460193,,,KENSINGTON,HTS,,,KENSINGTON HTS,652252,76c7c0d9-68b6-4d4d-a11c-fb290dab08cf,1089,KENSINGTON HTS
460194,,,KENWOOD,AVE,,,KENWOOD AVE,766319,b6ac4474-7ca8-4c88-8f37-7bd7ec6944b0,1091,KENWOOD AVE
460195,,,KIMBALL,ST,,,KIMBALL ST,700353,65a95bd4-8ffa-4959-aa1a-9cc5754ec05a,1094,KIMBALL ST
460196,,,KING PHILIP,RD,,,KING PHILIP RD,763358,eb9badf0-76ce-4a7c-9726-83de5aaffe76,1096,KING PHILIP RD
460197,,,KINNICUTT,RD,SOUTH,,KINNICUTT RD SOUTH,675252,7ac7d044-f2b5-4a3b-b4d8-28dbbda223ae,1101,KINNICUTT RD S
460198,,,KITTERY,ST,,,KITTERY ST,818209,94a3a728-e178-4070-a4a6-55a01ca79e44,1104,KITTERY ST
460199,,,KNOX,ST,,,KNOX ST,647095,656fafba-02a0-425e-a9fa-23faa6a432ec,1111,KNOX ST
460200,,,LAKE,AVE,NORTH,,LAKE AVE NORTH,863293,cbc634fa-a393-416c-923f-92678e0c0a1f,1120,LAKE AVE N
460201,,,MATTHEW,PL,,,MATTHEW PL,756189,41a2291d-be66-41d8-9023-784d14443c9b,1275,MATTHEW PL
460202,,,MAVERICK,RD,,,MAVERICK RD,868220,ebe83741-f90e-4d4d-934b-65bf29ec1e03,1278,MAVERICK RD
460203,,,MAY,ST,,,MAY ST,655206,990778fc-1193-44f4-b63d-b9f725f36f89,1282,MAY ST
460204,,,MAYFIELD,ST,,,MAYFIELD ST,684198,0c2986ce-6943-4df0-a755-cf22a54f58aa,1285,MAYFIELD ST
460205,,,MAYWOOD,PL,,,MAYWOOD PL,681164,7ea47f81-e69b-4129-a308-8fd3c14605d7,1288,MAYWOOD PL
460206,,,MCCLINTOCK,AVE,,,MCCLINTOCK AVE,856106,4940ac72-40dc-41be-a47b-6de4825cf974,1290,MCCLINTOCK AVE
460207,,,MCRAE,CT,,,MCRAE CT,820245,cbc5f6a7-e63c-43ef-bd6d-6431074cedbb,1295,MCRAE CT
460208,,,MEADOWBROOK,RD,,,MEADOWBROOK RD,664301,e925a86f-a8ac-4644-acf3-711f80b46d3b,1298,MEADOWBROOK RD
460209,,,MENDON,ST,,,MENDON ST,781177,ce8bdee9-1f9d-4241-9859-5ac94393c964,1305,MENDON ST
460210,,,MERCURY,DR,,,MERCURY DR,670391,94410649-5948-4416-980f-4ca488ecbf12,1308,MERCURY DR
460211,,,MERTON,RD,,,MERTON RD,767311,6e2732c2-5393-4247-84b0-5622c995ee19,1315,MERTON RD
460212,,,MIAMI,ST,,,MIAMI ST,829352,030749e0-e27c-4ea1-a3c2-15ddce274bfa,1318,MIAMI ST
460213,,,MIDDLESEX,AVE,,,MIDDLESEX AVE,851184,cb17582a-677c-413e-a32d-062ded766bd8,1320,MIDDLESEX AVE
460214,,,MIDGLEY,LN,,,MIDGLEY LN,842118,942d4fb0-7ee3-46f3-9aa5-a45cf3f07ca3,1322,MIDGLEY LN
460215,,,MILDRED,AVE,,,MILDRED AVE,599111,ef376f58-5bec-47d1-8f4e-de37a55f92c8,1324,MILDRED AVE
460216,,,MILITARY,RD,,,MILITARY RD,714271,4501228f-72e8-4ba6-b110-6ab5b6c1495f,1325,MILITARY RD
460217,,,MILL,ST,,,MILL ST,615200,f0c83bbe-2134-40ce-ac2a-af3c4d2a6456,1326,MILL ST
460218,,,MILL POND,RD,,,MILL POND RD,605254,2511a905-b7b2-457d-b3de-8bceccee050f,1328,MILL POND RD
460219,,,MILLBROOK,ST,,,MILLBROOK ST,757303,eb854a31-fd75-45d1-b4c4-2260b32154e6,1329,MILLBROOK ST
460220,,,MILTON,ST,,,MILTON ST,737288,8ee2e007-9b3d-4790-a9cc-8a1ae7505206,1331,MILTON ST
460221,,,MINERVA,ST,,,MINERVA ST,845092,16bca68c-0d3f-4e1d-a435-a17af7aabf83,1332,MINERVA ST
460222,,,MINOTS,ST,,,MINOTS ST,825222,fcab08e6-f47a-4c1b-bbbe-b6f80c6ba520,1333,MINOTS ST
460223,,,MINTHORNE,ST,,,MINTHORNE ST,657187,98ca4cd9-a9cb-4638-a11c-b9dc0d8b2a78,1334,MINTHORNE ST
460224,,,MISCOE,RD,,,MISCOE RD,838105,080977be-0894-41ad-870c-5aabc36157b1,1335,MISCOE RD
460225,,,MODOC,ST,,,MODOC ST,854180,3222269b-e2b7-4c12-ad57-7baa11d660e3,1336,MODOC ST
460226,,,MODRED,CT,,,MODRED CT,625278,13880ddc-6065-4271-93cc-303d5c788003,1337,MODRED CT
460227,,,MOEN,ST,,,MOEN ST,759259,fa01171b-b8e8-40c8-9f38-b453582d8170,1338,MOEN ST
460228,,,MOHAVE,RD,,,MOHAVE RD,714379,a8c93e63-75f3-4677-8d8a-f835fd5d71ac,1339,MOHAVE RD
460229,,,MOHAWK,AVE,,,MOHAWK AVE,621084,7be6fd5f-e2e7-4c0b-a5fb-e895b70c1a57,1340,MOHAWK AVE
460230,,,MOHICAN,RD,,,MOHICAN RD,858270,92e0387e-697c-460a-b67f-e621db39bb8d,1341,MOHICAN RD
460231,,,MONADNOCK,RD,,,MONADNOCK RD,717282,1e744819-1a2c-4c19-98cb-3ac97c66f095,1342,MONADNOCK RD
460232,,,MONFORT,ST,,,MONFORT ST,791160,897ce9a9-9565-4881-95a1-2cad2b18df49,1343,MONFORT ST
460233,,,MONICA,RD,,,MONICA RD,581281,fe5d08e0-5599-4bbb-9651-e4428ea9b360,1344,MONICA RD
460234,,,MONMOUTH,AVE,,,MONMOUTH AVE,698366,0adb7923-4352-4d57-af4e-0dc44feb83da,1345,MONMOUTH AVE
460235,,,MONMOUTH,RD,,,MONMOUTH RD,679302,8448f437-3e49-46c9-b68d-783662312e3b,1346,MONMOUTH RD
460236,,,MONOMOY,ST,,,MONOMOY ST,794358,c354f827-249e-4983-9f88-23bfae0537e6,1347,MONOMOY ST
460237,,,MONROE,AVE,,,MONROE AVE,671230,3ba5a7fc-5c9f-4017-bfcd-043a4e2fef80,1348,MONROE AVE
460238,,,MONTCLAIR,DR,,,MONTCLAIR DR,693295,034c1190-2dfa-4301-b4d0-4f75d5de6f32,1350,MONTCLAIR DR
460239,,,MONTEFORTE,ST,,,MONTEFORTE ST,874119,43bc5cd3-8763-421b-88fb-5ec8e97b4bde,1351,MONTEFORTE ST
460240,,,MONTELLO,ST,,,MONTELLO ST,624084,73de0f14-e6d0-4e3d-a5fd-e9b6017bedb6,1352,MONTELLO ST
460241,,,MONTEREY,RD,,,MONTEREY RD,784355,6ed6fb20-9829-4bd6-887a-6cbca34a6ff9,1353,MONTEREY RD
460242,,,MONTGOMERY,AVE,,,MONTGOMERY AVE,819212,d25bb9d2-c827-4c1b-b502-e68a0c05bb52,1354,MONTGOMERY AVE
460243,,,MONTICELLO,DR,,,MONTICELLO DR,618155,4430e7ac-d240-4c54-82b4-1a73f8bd942b,1355,MONTICELLO DR
460244,,,MONTREAL,ST,,,MONTREAL ST,789196,2a899bea-3b1b-45dc-990b-35bbe8998ad0,1357,MONTREAL ST
460245,,,MONTROSE,ST,,,MONTROSE ST,759149,5fb61da6-d5da-4440-8d4a-9edba46d8acb,1358,MONTROSE ST
460246,,,MONTVALE,RD,,,MONTVALE RD,722271,4e415bdd-1c46-487e-be82-a00123b03daf,1359,MONTVALE RD
460247,,,MOODY,ST,,,MOODY ST,697390,ecd30fee-f7ab-44bc-8832-4dd1d2c37fe7,1360,MOODY ST
460248,,,MOORE,AVE,,,MOORE AVE,636260,9c14f443-c73d-4913-9409-6300ff7e1df0,1361,MOORE AVE
460249,,,MORELAND,ST,,,MORELAND ST,636288,eacce9d7-ca97-4720-8c91-e4742a107399,1363,MORELAND ST
460250,,,MORELAND GREEN,DR,,,MORELAND GREEN DR,611307,6aa3910f-8f61-48fa-92b5-5acb6b19c8a8,1364,MORELAND GREEN DR
460251,,,MORGAN,ST,,,MORGAN ST,750446,4fc08436-8f9b-4e21-9f3f-99db0bd7e9bd,1365,MORGAN ST
460252,,,MORNINGSIDE,RD,,,MORNINGSIDE RD,660234,f7894538-746f-4d65-986f-4624c34ad86f,1366,MORNINGSIDE RD
460253,,,MORNINGSIDE,TER,,,MORNINGSIDE TER,658235,998ec461-4419-48ec-a370-f26c37ab1b1e,1367,MORNINGSIDE TER
460254,,,MORSE,CT,,,MORSE CT,700149,21156386-b4dd-418f-bbc7-94ac015bee5b,1368,MORSE CT
460255,,,MOSS,ST,,,MOSS ST,616081,915c6ce3-edac-41d5-ac08-b194422c6f23,1370,MOSS ST
460256,,,MOTT,ST,,,MOTT ST,775178,e469542b-c45c-462a-ac8c-b76621ddb301,1371,MOTT ST
460257,,,MOUNT,AVE,,,MOUNT AVE,748393,2e39a8ba-e709-42a7-a3c3-a7571a2b7e61,1372,MOUNT AVE
460258,,,MOUNT HOLYOKE,AVE,,,MOUNT HOLYOKE AVE,818305,93fe308c-38e4-432d-9101-70e810008286,1373,MOUNT HOLYOKE AVE
460259,,,MOUNT HOPE,TER,,,MOUNT HOPE TER,706250,74b6f1a2-cb6d-4349-97a4-2cf30fb634c1,1374,MOUNT HOPE TER
460260,,,MOUNTAINSHIRE,DR,,,MOUNTAINSHIRE DR,743445,9e0e94de-d40f-48b9-a45d-19aa1c338e3b,1379,MOUNTAINSHIRE DR
460261,,,MOWER,ST,,,MOWER ST,568274,71612ce6-e3d4-4679-b81b-2732fd19f8ee,1380,MOWER ST
460262,,,MULBERRY,ST,,,MULBERRY ST,768217,e6f0c563-e5db-4656-a4e1-993fb0e2b8df,1381,MULBERRY ST
460263,,,MURRAY,AVE,,,MURRAY AVE,727194,32e24885-eccd-42a7-9771-8a3777070e70,1382,MURRAY AVE
460264,,,MUSKEEGO,ST,,,MUSKEEGO ST,799225,d31ab541-8346-47f3-9398-9dd3eed20019,1383,MUSKEEGO ST
460265,,,MYRICK,AVE,,,MYRICK AVE,664347,960711ad-78ca-43b7-83b3-c05190a0dfe7,1384,MYRICK AVE
460266,,,MYRNA,RD,,,MYRNA RD,843105,c3000fa9-4fc1-4f5d-a7b8-fc2d4af7438a,1385,MYRNA RD
460267,,,MYRTLE,ST,,,MYRTLE ST,743197,ff90baaa-d448-4716-a836-a9453dcea30f,1386,MYRTLE ST
460268,,,MYSTIC,ST,,,MYSTIC ST,754064,b900b994-a806-4f50-9517-504055fef9ac,1387,MYSTIC ST
460269,,,NANA,TRAIL,,,NANA TRAIL,861295,accf7e06-05ed-46dc-97a9-82a854c79f56,1388,NANA TRL
460270,,,NORTHGATE,CIR,,,NORTHGATE CIR,795468,f2c14705-c240-49b3-821e-a31e59847740,1438,NORTHGATE CIR
460271,,,NORTON,ST,,,NORTON ST,771295,0797ada5-8121-40c6-868a-3c208e0a5aad,1440,NORTON ST
460272,,,NORWICH,ST,,,NORWICH ST,747214,53099c54-401e-4623-9b2f-f494a3bc6b6e,1441,NORWICH ST
460273,,,NORWOOD,ST,,,NORWOOD ST,698173,941992ed-4f93-4bc3-af2a-483f6286367f,1442,NORWOOD ST
460274,,,NOTTINGHAM,RD,,,NOTTINGHAM RD,704303,ded4dd2a-cc34-4269-b934-f6187ab14d94,1443,NOTTINGHAM RD
460275,,,NUTMEG,DR,,,NUTMEG DR,589164,395b4ae9-60b0-40ca-915f-590fde5168be,1444,NUTMEG DR
460276,,,NUTTALL,LN,,,NUTTALL LN,787160,614dc94f-5be4-45e6-a9fd-8252661e1227,1445,NUTTALL LN
460277,,,OAK,AVE,,,OAK AVE,767249,2006e8d3-6b1b-4369-ba69-bda17d49921d,1447,OAK AVE
460278,,,OAK BEACH,TER,,,OAK BEACH TER,886148,e3c33212-4386-4023-835b-083ebe9d2025,1450,OAK BEACH TER
460279,,,OAK HILL,RD,,,OAK HILL RD,659302,f32af5c4-2f02-4b6b-8585-7e4dcfc8ac0c,1451,OAK HILL RD
460280,,,OAKHAM,ST,,,OAKHAM ST,790197,0e03246d-bbf7-4a57-a131-d8f0eac0773e,1452,OAKHAM ST
460281,,,BROOKFIELD,ST,,,BROOKFIELD ST,735281,e16eb8a7-562e-4a3f-8e67-2bdfcf0cfdf5,294,BROOKFIELD ST
460282,,,BROOKHAVEN,RD,,,BROOKHAVEN RD,700382,95827de3-0ceb-4588-b9a1-b0b89f9e38c5,295,BROOKHAVEN RD
460283,,,BROOKVIEW,DR,,,BROOKVIEW DR,845359,2eb68c09-50dc-423e-82f5-8e130572154b,301,BROOKVIEW DR
460284,,,BROWNELL,CIR,,,BROWNELL CIR,674212,d89d8038-6c2a-4b38-8649-c3c29b90b39a,304,BROWNELL CIR
460285,,,BROWNING,LN,,,BROWNING LN,634362,f20b2bb3-1f92-4e74-961f-fdbe025b7db9,306,BROWNING LN
460286,,,BRYANT,ST,,,BRYANT ST,742289,687144f4-b04f-4afd-9e9d-e30f78a253fe,309,BRYANT ST
460287,,,ASHBURNHAM,RD,,,ASHBURNHAM RD,758315,d84f8f4a-363e-46bc-bbaf-bdd13e176c7b,102,ASHBURNHAM RD
460288,,,ASHLAND,ST,,,ASHLAND ST,729215,fbdd936f-53f2-43df-89e7-e79baa0efad3,103,ASHLAND ST
460289,,,ASHLEY,ST,,,ASHLEY ST,882118,497790ce-4924-4919-b8be-f761073d9fb1,104,ASHLEY ST
460290,,,ASHMONT,AVE,,,ASHMONT AVE,742156,d4771021-6e13-4f9d-abe7-9693500f5c5e,105,ASHMONT AVE
460291,,,ASHMORE,RD,,,ASHMORE RD,632257,64d83a71-05f4-4ccb-bc97-62dfeafa7f3e,106,ASHMORE RD
460292,,,ASHTON,ST,,,ASHTON ST,774283,2cab61c1-e3f0-4652-82f1-7d4268690a19,107,ASHTON ST
460293,,,ASHWOOD,ST,,,ASHWOOD ST,794161,66b552bc-d4b7-43e2-8e19-379fa8d8db1e,108,ASHWOOD ST
460294,,,ASPINWALL,RD,,,ASPINWALL RD,719299,e4c02f08-c1d2-459d-b207-28baa0151910,109,ASPINWALL RD
460295,,,ASSABET,LN,,,ASSABET LN,541274,6ef7439b-ae24-4468-9c5d-5e421b6ccc3c,110,ASSABET LN
460296,,,ASSONET,ST,,,ASSONET ST,748187,abc7f654-9dea-428c-b83e-01e9e3d1f39a,111,ASSONET ST
460297,,,ASSUMPTION,AVE,,,ASSUMPTION AVE,767392,99f042ae-4d9f-42ed-b16b-c363fe7464a2,112,ASSUMPTION AVE
460298,,,ASTER,PL,,,ASTER PL,668092,4ea57158-e6c6-4120-8283-2a3bc19252ef,113,ASTER PL
460299,,,ASTRID,AVE,,,ASTRID AVE,770129,01f4a9cc-a81a-46f4-aeb3-f5d76be83000,114,ASTRID AVE
460300,,,ASYLUM,ST,,,ASYLUM ST,764212,b1e53f33-e172-4f17-9463-3c29f5db7ed1,115,ASYLUM ST
460301,,,ATLANTA,ST,,,ATLANTA ST,824236,b8b9b875-b468-4e3b-8bdc-b20c91f998bc,117,ATLANTA ST
460302,,,ATTLEBORO,ST,,,ATTLEBORO ST,711111,19aa20f6-2640-4e7f-bfe1-1ffdd63df220,119,ATTLEBORO ST
460303,,,ATWATER,ST,,,ATWATER ST,610252,3ae1d0bd-f2d3-46f2-89f0-6c07668949ca,120,ATWATER ST
460304,,,AUBURN,ST,,,AUBURN ST,764252,39914b09-b25e-45d9-b1a6-d2f5062e7d2e,121,AUBURN ST
460305,,,AUDUBON,RD,,,AUDUBON RD,655275,84bdd2a5-4564-45f4-944f-694f8fd49287,122,AUDUBON RD
460306,,,AUGUSTA,ST,,,AUGUSTA ST,802212,c35dcd1a-0b19-450a-99cb-05d3ca666d6a,123,AUGUSTA ST
460307,,,AURILLA,ST,,,AURILLA ST,804048,b5d50294-02d3-46dd-99d4-04b5fc94c142,124,AURILLA ST
460308,,,AURORA,ST,,,AURORA ST,803077,ca87969c-0144-4151-a026-11944e7ad950,125,AURORA ST
460309,,,AUSTIN,ST,,,AUSTIN ST,717204,f68f2c7f-cda4-413b-a541-618cdb725186,127,AUSTIN ST
460310,,,AUTUMN,ST,,,AUTUMN ST,643153,06038cdb-a87f-4389-8b19-51db36392614,128,AUTUMN ST
460311,,,AVALON,PL,,,AVALON PL,730224,060e8571-7602-4af2-86cd-4222194acf64,129,AVALON PL
460312,,,AVERY,ST,,,AVERY ST,822144,7bad54ab-7d6a-4b74-9c09-16ab33cb383c,130,AVERY ST
460313,,,AVON,ST,,,AVON ST,726106,b0658344-4ee7-40a2-832b-6a3bb7523c6a,131,AVON ST
460314,,,AYLESBURY,RD,,,AYLESBURY RD,652296,99342ac7-6846-4646-949a-694a415aead1,132,AYLESBURY RD
460315,,,AYRSHIRE,RD,,,AYRSHIRE RD,866212,fa4e0df4-5e05-4b08-b37a-21a1d21f21c1,133,AYRSHIRE RD
460316,,,AZALEA,DR,,,AZALEA DR,659377,6dfffef3-be1d-45db-8160-36145d330256,134,AZALEA DR
460317,,,BAILEY,ST,,,BAILEY ST,538269,c908e110-da04-43b2-b864-9dbda4bf2dc6,135,BAILEY ST
460318,,,BAINRIDGE,RD,,,BAINRIDGE RD,546269,10b5c016-b905-4bad-9d6f-e9af2f547e94,136,BAINBRIDGE RD
460319,,,BAKER,ST,,,BAKER ST,642147,8c019fec-f6e0-42e8-b771-d31deb74fbcf,137,BAKER ST
460320,,,BALDER,RD,,,BALDER RD,696313,78c8fecd-b540-4671-9be6-9569c4e2c9f6,138,BALDER RD
460321,,,LEDGEWOOD,LN,,,LEDGEWOOD LN,614306,5bc5e132-18cf-40a0-b8d9-a5a1aac1aea3,1154,LEDGEWOOD LN
460322,,,LEE,ST,,,LEE ST,707243,1a9f289c-721b-4b86-802f-b437ac3c0053,1155,LEE ST
460323,,,LEEDS,ST,,,LEEDS ST,760371,9dff6dd4-2c17-424f-bb2c-b15672d419c1,1156,LEEDS ST
460324,,,LENORA,ST,,,LENORA ST,773087,878689ce-c2ee-4c52-a898-e06d6399c8c3,1158,LENORA ST
460325,,,LENOX,ST,,,LENOX ST,659260,095f19a2-7280-4cf9-92a8-a36efb49d7b5,1159,LENOX ST
460326,,,LEON,ST,,,LEON ST,801171,3094b974-e400-481f-8e4f-0eea1659e444,1160,LEON ST
460327,,,LEPANTO,ST,,,LEPANTO ST,859171,f540c7b5-0a4c-4627-a1b7-727f628a652e,1161,LEPANTO ST
460328,,,LESLIE,RD,,,LESLIE RD,678386,d1cc43c0-206e-4ecc-b132-98d0d573f144,1162,LESLIE RD
460329,,,LEWIS,ST,,,LEWIS ST,718149,5d4b9b1d-979d-4acc-b9f0-d241d2ccd805,1163,LEWIS ST
460330,,,LEXINGTON,ST,,,LEXINGTON ST,750251,f6ff1ac9-84ff-47ba-b626-c7516f8b1907,1164,LEXINGTON ST
460331,,,LEYTON,RD,,,LEYTON RD,644343,7e4d41a5-b732-44c7-a364-feeae54d21ec,1165,LEYTON RD
460332,,,LIBERTY,ST,,,LIBERTY ST,767237,2403a7a0-c7c5-4c37-a01c-d33bcf8d402d,1166,LIBERTY ST
460333,,,LINCOLN,ST,,,LINCOLN ST,794311,8d5f60eb-9d04-46b4-8dcd-fb6346fac3ee,1169,LINCOLN ST
460334,,,LINDA VISTA,ST,,,LINDA VISTA ST,631100,e10884a5-660a-4e45-b9cc-72c2d6b40556,1170,LINDA VISTA ST
460335,,,LINDEN,ST,,,LINDEN ST,736223,e63a67aa-8543-40d4-adbc-fb3f9b5524d0,1171,LINDEN ST
460336,,,LINWOOD,ST,,,LINWOOD ST,757245,f5d2e568-8db3-4b67-bab5-d30ee06cd8e1,1172,LINWOOD ST
460337,,,LISA,AVE,,,LISA AVE,608137,42e63863-2fad-40d5-8baa-96efa9378c13,1173,LISA AVE
460338,,,LISCOMB,ST,,,LISCOMB ST,819245,91ec354d-4547-4f22-baaa-084656af6b4f,1175,LISCOMB ST
460339,,,LITCHFIELD,ST,,,LITCHFIELD ST,696141,6b660ccd-88d0-4791-9a2d-e54feee9e795,1176,LITCHFIELD ST
460340,,,LIVERMORE,ST,,,LIVERMORE ST,781467,89dd8ae2-6fac-4fe0-9250-485bf01108cd,1177,LIVERMORE ST
460341,,,LOCHWAN,AVE,,,LOCHWAN AVE,781106,30452ce9-5181-45fe-a6d6-b324a1ca7e95,1178,LOCHWAN AVE
460342,,,LOCUST,AVE,,,LOCUST AVE,852231,da77ae20-a175-43e2-9d9d-55257da5cdf9,1179,LOCUST AVE
460343,,,HATFIELD,ST,,,HATFIELD ST,778155,2d9a4905-059d-4c00-a71d-c449c3d33830,9165,HATFIELD ST
460344,,,UNNAMED,RD,,,UNNAMED RD,694279,e57900c7-e56c-4063-91b4-2b5a7ca734ca,1,UNNAMED RD
460345,,,CENTURY,DR,,,CENTURY DR,829396,b4cbda74-b7cb-49e2-8d96-d18763aa30fc,2,CENTURY DR
460346,,,ABBOTT,PL,,,ABBOTT PL,692213,764f82f4-1a8e-40a3-9496-429f7bc57bc5,8,ABBOTT PL
460347,,,ABBOTT,ST,,,ABBOTT ST,691206,cbee5029-9228-4b4e-8aa0-f9468dbb98c9,9,ABBOTT ST
460348,,,ABBY,ST,,,ABBY ST,685408,ae354b89-ba30-47ca-8c80-c2b1eb9b9c7f,10,ABBY ST
460349,,,ABINGTON,ST,,,ABINGTON ST,607113,f1664605-a185-485a-ba2b-baf614c8dedb,11,ABINGTON ST
460350,,,ACADEMY,ST,,,ACADEMY ST,712273,19d947cc-131f-4af0-a347-3bfa7b77ae15,12,ACADEMY ST
460351,,,ACCOMMODATION,ST,,,ACCOMMODATION ST,757120,d4a0dd80-9ace-4591-ada5-1d77f1c4bae1,13,ACCOMODATION ST
460352,,,ACTON,ST,,,ACTON ST,791164,c67d8c57-3c40-4c5f-b2fd-3007b8e84fb8,14,ACTON ST
460353,,,ACUSHNET,AVE,,,ACUSHNET AVE,795365,b65912fd-acba-470f-8463-1275f5fbaa3c,15,ACUSHNET AVE
460354,,,ADA,ST,,,ADA ST,613222,21e8daf9-6b91-4bd8-b8be-2078f269794f,16,ADA ST
460355,,,ADAMS,ST,,,ADAMS ST,809241,05f7a304-8ea4-4bcc-8f2b-6e20a7293a51,17,ADAMS ST
460356,,,ADDISON,ST,,,ADDISON ST,787166,4a5da147-5c13-49cd-bcde-261496772343,18,ADDISON ST
460357,,,ADELAIDE,CIR,,,ADELAIDE CIR,796454,8c685ffe-5de7-46b0-93e6-66238c804669,19,ADELAIDE CIR
460358,,,ADELLE,CIRCUIT,,,ADELLE CIRCUIT,759056,f578672c-c9ce-4903-99c9-81e376f4acc8,20,ADELLE CIRCUIT
460359,,,ADMIRAL,AVE,,,ADMIRAL AVE,605183,a75e7e1a-05cc-4283-b8f4-3ab05c6d19f1,21,ADMIRAL AVE
460360,,,ADOLPH,ST,,,ADOLPH ST,792248,243a93e8-e66c-46ae-995f-8ff11039bb03,22,ADOLPH ST
460361,,,AETNA,ST,,,AETNA ST,777175,0af05464-aaa4-4b73-8303-6543f53cbda1,23,AETNA ST
460362,,,AGATE,AVE,,,AGATE AVE,862228,e1411652-3c57-4650-80ca-24e4ea8ef0eb,24,AGATE AVE
460363,,,AGAWAM,ST,,,AGAWAM ST,671153,196f3589-875e-4730-8b8f-03b3d0ecc88e,25,AGAWAM ST
460364,,,AIRLIE,ST,,,AIRLIE ST,763372,772dee21-c22c-4106-abe8-fbb79471b372,27,AIRLIE ST
460365,,,AIRPORT,DR,,,AIRPORT DR,584240,c1419bd9-e07e-47b3-8243-9dfd90f6d311,28,AIRPORT DR
460366,,,AITCHISON,ST,,,AITCHISON ST,830245,61850dc2-1dde-450f-87ff-5eccb5bd443f,29,AITCHISON ST
460367,,,ALAMEDA,RD,,,ALAMEDA RD,833134,c06a270d-fb73-4149-8729-51e545f76e89,30,ALAMEDA RD
460368,,,ALAMO,ST,,,ALAMO ST,817159,54ac2329-905a-4732-8e83-416d5f118e09,31,ALAMO ST
460369,,,ALBANY,ST,,,ALBANY ST,793217,6014701d-22ee-42b5-abc6-6b142627f898,32,ALBANY ST
460370,,,ALBEMARLE,ST,,,ALBEMARLE ST,679356,7292921e-c10c-4dcd-adea-47ae0afa3c5c,33,ALBEMARLE ST
460371,,,ALBERT,ST,,,ALBERT ST,695158,c299fd2f-b2ce-4d03-adbc-addbe50e465b,34,ALBERT ST
460372,,,ALBION,ST,,,ALBION ST,783109,07a8c1fc-e22d-4b4f-baa1-42d039f7e4cd,35,ALBION ST
460373,,,ALCOTT,ST,,,ALCOTT ST,761144,99fa1f08-6c56-4c79-a794-a0d9800cd1ba,36,ALCOTT ST
460374,,,ALDEN,ST,,,ALDEN ST,714186,476e65fc-a5a0-4312-975a-4dee7e6c6174,37,ALDEN ST
460375,,,ALDENA,RD,,,ALDENA RD,580123,5d5d293b-4cc9-4f09-b51d-197e595d332e,38,ALDENA RD
460376,,,ALDER,ST,,,ALDER ST,723320,920fed9b-13a8-4987-a2bf-20068a4fa70e,39,ALDER ST
460377,,,ALEXANDER,RD,,,ALEXANDER RD,722315,9c149fc6-d9ef-4677-b15e-011514e79497,41,ALEXANDER RD
460378,,,ALGONQUIN,RD,,,ALGONQUIN RD,705284,100b262a-66c8-499b-9fb1-d42b0c1ea2a3,42,ALGONQUIN RD
460379,,,ALLEN,CT,,,ALLEN CT,742205,c4873209-a310-4832-927a-f20ea7c6840d,43,ALLEN CT
460380,,,ALLEN,ST,,,ALLEN ST,713178,983dc31c-b298-4af5-bace-bdf4bcaf1560,44,ALLEN ST
460381,,,ALLENDALE,ST,,,ALLENDALE ST,723194,07bb9844-a965-40ef-bae3-0cf997ecedeb,45,ALLENDALE ST
460382,,,ALLISON,CIR,,,ALLISON CIR,793454,871b6433-f739-49bf-822f-3eb2216df00e,46,ALLISON CIR
460383,,,ALLSTON,AVE,,,ALLSTON AVE,817145,b05167c5-3f25-4071-9c5a-16511417e794,47,ALLSTON AVE
460384,,,ALMA,ST,,,ALMA ST,848158,0aebd86b-421a-42e0-a79e-da0e3ba14c65,48,ALMA ST
460385,,,ALMONT,AVE,,,ALMONT AVE,799190,ef1512f5-6200-4bb7-a1c1-129d3d147768,49,ALMONT AVE
460386,,,ALPINE,ST,,,ALPINE ST,760156,ef51f4eb-326a-44ff-a5c2-9ac9b9cc7273,50,ALPINE ST
460387,,,ALSADA,DR,,,ALSADA DR,615149,b03bde41-c99b-4fc4-b7f4-0dfb87c667ba,51,ALSADA DR
460388,,,ALVARADO,AVE,,,ALVARADO AVE,855232,873a00ab-2264-4ff8-b1dc-b8acf4b02c4d,52,ALVARADO AVE
460389,,,AMANOLA,AVE,,,AMANOLA AVE,817207,4ceaba95-5e81-4748-8c65-1fa604ac76d0,53,AMANOLA AVE
460390,,,AMBER,ST,,,AMBER ST,603201,3094223a-e2de-4326-aa6a-a283a8f256d1,54,AMBER ST
460391,,,AMES,ST,,,AMES ST,765135,518f75ab-0144-4bfb-8e26-f4e4d833cca5,55,AMES ST
460392,,,AMESBURY,ST,,,AMESBURY ST,850328,b074f92c-d97d-4c4a-881b-5db20e2bc087,56,AMESBURY ST
460393,,,AMHERST,ST,,,AMHERST ST,676258,6d5db30d-cc65-4650-88e6-45cf4628026f,57,AMHERST ST
460394,,,ANCONA,RD,,,ANCONA RD,820214,7e895168-745f-4d72-b8d5-8d7b1d4ac648,59,ANCONA RD
460395,,,ANDERSON,AVE,,,ANDERSON AVE,842185,45896a47-0ee4-4685-aaae-5e8495287886,60,ANDERSON AVE
460396,,,ANDOVER,ST,,,ANDOVER ST,752356,005fe66e-69a7-4598-90ae-eeda2feee4b4,61,ANDOVER ST
460397,,,ANDREWS,AVE,,,ANDREWS AVE,810307,18eb3172-cbfe-4bf5-bae9-c7b0c22e8f0f,62,ANDREWS AVE
460398,,,ANDY,RD,,,ANDY RD,593264,724d3ed8-2ae0-470d-834c-1619b505d305,63,ANDY RD
460399,,,ANGELO,ST,,,ANGELO ST,858170,46c0fd99-6d5a-4ac0-8c34-93b88945551e,64,ANGELO ST
460400,,,BUFFUM,ST,,,BUFFUM ST,656158,837be77b-ee45-42e4-81c5-b9dd4c6acbda,314,BUFFUM ST
460401,,,BURGESS,RD,,,BURGESS RD,708274,38a885e3-27dc-483c-9896-3ce4dbe597fd,316,BURGESS RD
460402,,,BURNCOAT,TER,,,BURNCOAT TER,765313,3ab58661-9258-41df-b368-7e43c70376e6,319,BURNCOAT TER
460403,,,BURNSIDE,CT,,,BURNSIDE CT,741201,4be78c33-d46a-4519-bf3d-dbe2ccb09254,321,BURNSIDE CT
460404,,,BURTON,ST,,,BURTON ST,756122,4c928361-9c53-4551-bc6f-dfa9b4831cae,324,BURTON ST
460405,,,GREEN ISLAND,BLVD,,,GREEN ISLAND BLVD,744181,e3e62818-087d-4d41-97f6-c7f2b947de0b,,GREEN ISLAND BLVD
460406,,,CANAL,ST,,,CANAL ST,752194,7c89af0c-eb32-41c8-be6b-75a4766a24b4,,CANAL ST
460407,,,HANCOCK HILL,DR,,,HANCOCK HILL DR,695303,87d98049-1ba5-4b71-bafe-ca02b7a4a1dd,895,HANCOCK HILL DR
460408,,,HANNA,RD,,,HANNA RD,644268,44e62833-7726-46b1-a0a2-41e7a12deae0,896,HANNA RD
460409,,,HAPGOOD,RD,,,HAPGOOD RD,696325,1a6ed7a7-455c-439b-bb59-1955f78081db,897,HAPGOOD RD
460410,,,HARA,ST,,,HARA ST,915126,ba828545-b629-45a0-9119-0d83d3b03415,898,HARA ST
460411,,,HARDING,ST,,,HARDING ST,751174,e618cb1d-85fb-4402-b765-13d3c50d1fec,899,HARDING ST
460412,,,HARLEM,ST,,,HARLEM ST,752145,82700d30-ed12-46a8-acf3-baec0a9fc04d,900,HARLEM ST
460413,,,HARLEY,DR,,,HARLEY DR,807379,e821e47c-79d2-4344-9653-407c4dd6f9cd,901,HARLEY DR
460414,,,HARLOW,ST,,,HARLOW ST,765285,ecab00dd-b425-4813-8b14-49bf1c1fc682,902,HARLOW ST
460415,,,HARMON,ST,,,HARMON ST,811193,4e3f06c7-b8b8-47ce-8ad9-30a918054faa,903,HARMON ST
460416,,,HAROLD,ST,,,HAROLD ST,845185,fbaf48af-5482-47d4-b443-6874fd8ace46,904,HAROLD ST
460417,,,HARRINGTON,WAY,,,HARRINGTON WAY,834206,7481eff7-295f-4f4f-a45c-faf8d7255c25,905,HARRINGTON WAY
460418,,,HARRIS,CT,,,HARRIS CT,726186,375e2e9f-f7ab-48a1-a80b-67bd64977783,906,HARRIS CT
460419,,,HARRISON,ST,,,HARRISON ST,765182,ed850f64-b1bb-4976-8a83-736277585f28,907,HARRISON ST
460420,,,HARTFORD,RD,,,HARTFORD RD,780402,2984db3e-7983-4aef-97fc-69e052560066,908,HARTFORD RD
460421,,,HARTSHORN,AVE,,,HARTSHORN AVE,652215,97ab7db0-67b5-4d3c-886e-e945c80d7a9a,909,HARTSHORN AVE
460422,,,HARTWELL,ST,,,HARTWELL ST,797470,086fd813-48e6-48de-bf97-ed1b82dbafee,910,HARTWELL ST
460423,,,HARVARD,PL,,,HARVARD PL,742226,a2bd4616-2f44-4234-9c94-013407d795b5,911,HARVARD PL
460424,,,HARVARD,ST,,,HARVARD ST,743232,affb2832-a5a0-4956-acda-7e02e6feaeb6,912,HARVARD ST
460425,,,HARWICH,ST,,,HARWICH ST,750069,2d17ed75-ba4e-49b3-9d2c-fe53c26da9d2,913,HARWICH ST
460426,,,HASKINS,ST,,,HASKINS ST,881116,83fbd3a5-23df-419b-a475-b4dd6d439f0b,914,HASKINS ST
460427,,,HASTINGS,AVE,,,HASTINGS AVE,727322,d8b2f31b-ead2-47c9-9971-df0ba5effabb,915,HASTINGS AVE
460428,,,HASTINGS,RD,,,HASTINGS RD,768425,7cdcbf36-afbf-4630-8dc0-a208844745cd,916,HASTINGS RD
460429,,,HATHAWAY,ST,,,HATHAWAY ST,701166,4b2382f6-fcb3-4f36-8935-7683dd0d5cb5,917,HATHAWAY ST
460430,,,HAVANA,RD,,,HAVANA RD,594087,50800066-df60-4226-8929-2d4d83279e45,918,HAVANA RD
460431,,,HAVELOCK,RD,,,HAVELOCK RD,653232,c7ebba51-5fb7-4b03-9616-49114a9a717a,919,HAVELOCK RD
460432,,,HAVILAND,ST,,,HAVILAND ST,697242,37df839b-998b-4fdb-9101-9727cc70cfc3,920,HAVILAND ST
460433,,,HAWKINS,ST,,,HAWKINS ST,794205,40814d97-9b30-40da-abd4-684489b533e8,921,HAWKINS ST
460434,,,HAWLEY,ST,,,HAWLEY ST,717209,e47c7561-aa5b-411a-b0b8-4925f9423cfc,922,HAWLEY ST
460435,,,HAWTHORNE,ST,,,HAWTHORNE ST,693170,2773607c-bcdc-4be5-a8e9-2cca5e55ea73,923,HAWTHORNE ST
460436,,,LONGFELLOW,RD,,,LONGFELLOW RD,676219,f31cf290-1bff-4970-8e48-e69345648c71,1183,LONGFELLOW RD
460437,,,LONGMEADOW,AVE,,,LONGMEADOW AVE,791359,0fbfbef1-0841-43f5-b905-0768000cc2ce,1184,LONGMEADOW AVE
460438,,,LONGWORTH,RD,,,LONGWORTH RD,681257,c538ae67-983f-4ade-939c-8fd829203a4d,1185,LONGWORTH RD
460439,,,LORD,ST,,,LORD ST,812215,9cbcd387-0d57-4000-95a6-ced78c752c08,1186,LORD ST
460440,,,LORENZO,ST,,,LORENZO ST,845173,a4816759-9cba-48ab-a059-793c441d568b,1188,LORENZO ST
460441,,,LORING,ST,,,LORING ST,733318,b11a6eee-ef83-4c2e-a7a5-dc54b7213de9,1189,LORING ST
460442,,,LORRAINE,RD,,,LORRAINE RD,834124,47698f89-30ef-4a89-9e6f-b2e8ae6cfe5e,1191,LORRAINE RD
460443,,,LOUDON,ST,,,LOUDON ST,696172,c4300f27-503e-4bd4-9bb4-2cb69a352c04,1192,LOUDON ST
460444,,,LOUISE,ST,,,LOUISE ST,760130,a5eac828-5f3c-453e-89cd-6ecce85e36c0,1193,LOUISE ST
460445,,,LOVELL,ST,,,LOVELL ST,667191,d91e0f76-86bc-4a68-b8b4-2e9128327bab,1195,LOVELL ST
460446,,,LOVELL,TER,,,LOVELL TER,662182,891e297c-236f-4283-b4ff-f12928e60452,1196,LOVELL TER
460447,,,LOWELL,ST,,,LOWELL ST,678151,5b180bbc-7c11-4516-8ae7-20264eabf4b1,1198,LOWELL ST
460448,,,LOWLAND,CT,,,LOWLAND CT,606253,d17484c8-b2eb-4fd5-95c9-c7b28109748d,1199,LOWLAND CT
460449,,,LUCIAN,ST,,,LUCIAN ST,669152,cedb62a0-712b-49d7-9d5e-5d66d1507384,1201,LUCIAN ST
460450,,,LUDINGTON,RD,,,LUDINGTON RD,628202,da1a6dff-d3f7-40cf-8656-0bcc91bc8e93,1202,LUDINGTON RD
460451,,,LUDLOW,ST,,,LUDLOW ST,602106,8f740134-c6c2-475d-9b32-2a51715c994d,1203,LUDLOW ST
460452,,,LULL,ST,,,LULL ST,665266,a9c11770-31e9-4399-ae20-3e04bac4b843,1205,LULL ST
460453,,,LUND,ST,,,LUND ST,763130,9f86199b-a43f-4e7b-b5d3-e6784606e712,1206,LUND ST
460454,,,LUNELLE,ST,,,LUNELLE ST,738174,bd9d429d-f0fe-466e-b31a-d508829cc85d,1208,LUNELLE ST
460455,,,LYMAN,ST,,,LYMAN ST,653120,9394b4f7-cab7-4fd8-ab46-c52e32788c9f,1211,LYMAN ST
460456,,,LYNDALE,RD,,,LYNDALE RD,781347,a99710b7-a45d-40c1-8b56-413d09a9cedb,1212,LYNDALE RD
460457,,,LYNNWOOD,LN,,,LYNNWOOD LN,656338,62bee760-2215-4eb4-beb4-a0b4232cdcbf,1213,LYNNWOOD LN
460458,,,LYON,PL,,,LYON PL,789216,2038f162-23bd-4a9a-b2d1-47cf8ef097f8,1214,LYON PL
460459,,,LYON,ST,,,LYON ST,787215,297e07b0-0d9a-4854-bd98-672f981ecd1f,1215,LYON ST
460460,,,MABELLE,ST,,,MABELLE ST,682251,e978c18c-70bc-4465-9fb2-e06eb781d0c7,1216,MABELLE ST
460461,,,MACCLAREY,WAY,,,MACCLAREY WAY,614248,24f74470-660f-4b3c-8d92-ce8381e10981,1217,MAC CLAREY WAY
460462,,,MADELINE,ST,,,MADELINE ST,635087,e09099d0-8916-4c37-8ef2-37d293c7f083,1219,MADELINE ST
460463,,,MAGNOLIA,AVE,,,MAGNOLIA AVE,786491,0ced6085-08b5-402e-a81e-6a2087901b7d,1221,MAGNOLIA AVE
460464,,,MAHER,ST,,,MAHER ST,614203,08032dc3-8f36-44a2-a082-580182b419f1,1222,MAHER ST
460465,,,MAIN,ST,,,MAIN ST,680157,3a56ce2e-6bd9-4a3a-8628-acd0b1a35f46,1223,MAIN ST
460466,,,MALDEN,ST,,,MALDEN ST,756447,522732a4-eb01-4836-a5d5-e7f5bc4fb8e8,1224,MALDEN ST
460467,,,MALDEN,TER,,,MALDEN TER,767436,dce531e1-0194-4a23-8080-4b07ccd75d95,1226,MALDEN TER
460468,,,MALMO,ST,,,MALMO ST,752105,ba9ae537-b224-4700-8073-007a7d88c9e1,1228,MALMO ST
460469,,,MALVERN,RD,,,MALVERN RD,706096,e54473d6-353d-4f8c-9c3c-c66cca442ad6,1229,MALVERN RD
460470,,,MANHATTAN,RD,,,MANHATTAN RD,620250,2669f8f6-df93-446d-b79c-2f4bf27f652e,1230,MANHATTAN RD
460471,,,MANN,ST,,,MANN ST,675201,e3fa0a59-7081-40e8-a211-3c7939d5e56f,1232,MANN ST
460472,,,MAPLE,ST,,,MAPLE ST,743217,017eabc3-3815-47e5-90ab-361d02d1049b,1235,MAPLE ST
460473,,,MAPLE TREE,LN,,,MAPLE TREE LN,679187,cb0d9e3d-6c8c-463d-9dd0-da437bbfa5e4,1237,MAPLE TREE LN
460474,,,MAPLEWOOD,RD,,,MAPLEWOOD RD,651243,d5a9046e-6fca-41a0-a8f2-656adac9300e,1240,MAPLEWOOD RD
460475,,,MARANOOK,RD,,,MARANOOK RD,728437,54f3577b-fb2f-4a90-a9e8-bbc3695cda45,1242,MARANOOK RD
460476,,,MARCH,ST,,,MARCH ST,804208,e73aeaf4-a879-4468-a5bc-9bb9cd6463d0,1245,MARCH ST
460477,,,MARIE,ST,,,MARIE ST,840174,dc03ac98-8d35-42a7-acc6-288a89614b56,1252,MARIE ST
460478,,,MARKET,ST,,,MARKET ST,755233,82710eee-631b-402e-bb30-8bdd5fc1ca8d,1255,MARKET ST
460479,,,MARLBORO,ST,,,MARLBORO ST,833229,fa1b8596-ce9e-4f7d-87c9-a07a92ca965e,1258,MARLBORO ST
460480,,,MARSHALL,ST,,,MARSHALL ST,802232,dc4de7b7-8472-428e-9c18-842adc02664c,1262,MARSHALL ST
460481,,,MARSHFIELD,ST,,,MARSHFIELD ST,751390,d51c2f80-3fee-45c5-a344-f8a52d44cf54,1263,MARSHFIELD ST
460482,,,MARSTON,WAY,,,MARSTON WAY,720229,a3b6cac2-b355-46db-9a6e-0cf3c457062f,1265,MARSTON WAY
460483,,,MARY JANE,CIR,,,MARY JANE CIR,688310,1cf71891-018e-420b-9d44-838cf52afeec,1268,MARY JANE CIR
460484,,,MASSACHUSETTS,AVE,,,MASSACHUSETTS AVE,714259,3c37bd26-706c-4351-b466-19609041295c,1272,MASSACHUSETTS AVE
460485,,,MASSASOIT,RD,,,MASSASOIT RD,833127,0a9128be-03a5-4bc2-acf2-ef9f0e22fdd7,1273,MASSASOIT RD
460486,,,HILMA,ST,,,HILMA ST,760347,d7125aae-e3bf-46c2-ad60-766ed28b6c65,962,HILMA ST
460487,,,HILTON,AVE,,,HILTON AVE,837185,f0eb8473-2c6f-40ac-9ee1-395028b9e332,963,HILTON AVE
460488,,,HINGHAM,RD,,,HINGHAM RD,713409,957f801f-80cc-47ef-ac35-27239c3acf65,964,HINGHAM RD
460489,,,HISCOX,ST,,,HISCOX ST,672180,d2b1ce9a-8a37-4f92-907a-3992090a2a79,965,HISCOX ST
460490,,,HITCHCOCK,RD,,,HITCHCOCK RD,675144,d34f864f-17f3-4af8-aa79-de91c21b3f66,966,HITCHCOCK RD
460491,,,HJELM,AVE,,,HJELM AVE,810099,135b49ea-c1e7-4866-beed-e1ee601a08b3,967,HJELM AVE
460492,,,HOBSON,AVE,,,HOBSON AVE,659182,a09cb390-60ea-44b4-b65b-00df2d1dfa53,968,HOBSON AVE
460493,,,HOCKANUM,WAY,,,HOCKANUM WAY,724373,ba4049df-9116-4f7a-bb78-00c25c0f93c2,969,HOCKANUM WAY
460494,,,HOLCOMBE,ST,,,HOLCOMBE ST,775148,a7190a09-b28d-48e7-8461-727134e39afd,970,HOLCOMBE ST
460495,,,HOLDEN,ST,,,HOLDEN ST,698371,c525c414-361c-42bb-bae7-4e1671da501c,971,HOLDEN ST
460496,,,HOLLAND,RD,,,HOLLAND RD,634141,e0687251-1f77-4017-9d58-10b9d9c71457,972,HOLLAND RD
460497,,,HOLLIS,ST,,,HOLLIS ST,700160,32413585-c97f-4610-8f65-8affbe9ec90f,973,HOLLIS ST
460498,,,HOLLYWOOD,ST,,,HOLLYWOOD ST,697186,071fcfd2-0117-4fe0-a2e3-a1caa553bfc8,974,HOLLYWOOD ST
460499,,,HOLT,AVE,,,HOLT AVE,757337,6000caee-255b-4d6a-8363-b61b64acdc05,975,HOLT AVE
460500,,,HOME,ST,,,HOME ST,734231,07445e60-0941-474d-b7a6-608c6dd3aa40,976,HOME ST
460501,,,HOMER,ST,,,HOMER ST,711250,2ea92cd7-5e92-44c0-ae24-6718d40f913c,977,HOMER ST
460502,,,HOMER WHEATON,ST,,,HOMER WHEATON ST,796339,07ff6f1f-66b2-4bb0-9f67-a3e385d72f58,978,HOMER WHEATON ST
460503,,,HOMESTEAD,AVE,,,HOMESTEAD AVE,719144,6bb286f7-e96b-441d-9dc1-459621d9c773,979,HOMESTEAD AVE
460504,,,HOOPER,ST,,,HOOPER ST,777251,35817f83-5860-444e-9031-9e0ed6de58b6,980,HOOPER ST
460505,,,HOPE,AVE,,,HOPE AVE,677097,e27ef706-6a71-4b82-8670-c4a74f165fea,981,HOPE AVE
460506,,,HOUCHIN,AVE,,,HOUCHIN AVE,734205,f767511e-f030-4247-9b08-df85b57b66ca,983,HOUCHIN AVE
460507,,,HOUGHTON,ST,,,HOUGHTON ST,789164,ef8b0949-c8fb-4a2f-b117-accb30b007cd,984,HOUGHTON ST
460508,,,HOUSATONIC,ST,,,HOUSATONIC ST,790387,f4939f27-4519-4a40-b2b3-6e9921ba6fee,985,HOUSATONIC ST
460509,,,HOWATSON,WAY,,,HOWATSON WAY,698253,6430f3ca-8e7a-4c8d-ad69-a50722424c4b,986,HOWATSON WAY
460510,,,HOWE,AVE,,,HOWE AVE,613262,1fafa113-4e0e-471b-891b-7f68c2fefbe2,987,HOWE AVE
460511,,,HOWE,ST,,,HOWE ST,721236,c62bdda2-3bd2-43f1-a310-6b37eb0d8815,988,HOWE ST
460512,,,HUDSON,PL,,,HUDSON PL,699215,025c047c-7f8e-4b7a-9c56-2cd4e2f8c17f,990,HUDSON PL
460513,,,HUDSON,ST,,,HUDSON ST,701216,b9a8efb2-f224-4d50-8c91-c8ba89a98df4,991,HUDSON ST
460514,,,HULBERT,RD,,,HULBERT RD,624109,4f58fcce-5bd4-4a92-91f4-4beb3d354f20,992,HULBERT RD
460515,,,HUMBOLDT,AVE,,,HUMBOLDT AVE,741255,f9ece7d5-c400-4873-b7f4-9354be02acc7,993,HUMBOLDT AVE
460516,,,HUMES,AVE,,,HUMES AVE,838354,1982c3fc-8f00-42ef-a8e9-5aeba1369342,994,HUMES AVE
460517,,,HUNNEWELL,RD,,,HUNNEWELL RD,759437,23b9560b-1c6f-44f4-b0d0-b222df3d3754,995,HUNNEWELL RD
460518,,,HUNTHURST,CIR,,,HUNTHURST CIR,620240,8ce91e30-0d16-4c88-867c-0ae6a4f4e52b,996,HUNTHURST CIR
460519,,,HUNTINGTON,AVE,,,HUNTINGTON AVE,727317,b7a8659d-7d7a-4a08-ab76-bfeb9be590a7,997,HUNTINGTON AVE
460520,,,HUNTLEY,ST,,,HUNTLEY ST,678238,8fb35864-cdbf-4397-ade7-176c6dea8812,998,HUNTLEY ST
460521,,,HURON,AVE,,,HURON AVE,835346,637d241f-b05f-4037-af42-d2a1f1d4a0d8,999,HURON AVE
460522,,,HURTLE,AVE,,,HURTLE AVE,865176,5c6f6bc3-d5f1-4016-b6f9-16127bd11f8e,1000,HURTLE AVE
460523,,,HYANNIS,PL,,,HYANNIS PL,828166,b36b999a-5979-423d-a124-098a9e8c359f,1001,HYANNIS PL
460524,,,HYCREST,DR,,,HYCREST DR,771346,0622d779-5715-48f7-b9af-8c027ee99a49,1003,HYCREST DR
460525,,,HYDE,ST,,,HYDE ST,762388,747c9016-4ecb-4cb6-8233-484285a9422e,1004,HYDE ST
460526,,,HYGEIA,ST,,,HYGEIA ST,772197,2b0f9887-7961-4faf-8476-132a44e3a997,1005,HYGEIA ST
460527,,INTERSTATE,190,,,,INTERSTATE 190,732396,83dde6a4-2a86-4b1d-bebe-fdbd0e87405c,1006,INTERSTATE 190
460528,,INTERSTATE,290,,,,INTERSTATE 290,771208,6e1a16a4-84d6-4a1d-b8bf-6d15cb0efeec,1007,INTERSTATE 290
460529,,,IDA,RD,,,IDA RD,834106,618b7a33-1a02-449c-b896-3cd96e6bade1,1008,IDA RD
460530,,,LAWNFAIR,ST,,,LAWNFAIR ST,672199,50063773-bd5b-4caf-90dd-2047827f2e9c,1147,LAWNFAIR ST
460531,,,LELAND,ST,,,LELAND ST,788080,7f29d0ff-8656-44a1-8b8f-3423f9d41bfd,1157,LELAND ST
460532,,,NEPONSET,ST,,,NEPONSET ST,744339,1e858ec2-4890-4cfd-828f-37528c0042c3,1404,NEPONSET ST
460533,,,NEPTUNE,RD,,,NEPTUNE RD,697316,952bf473-1607-4e34-a514-56adcdb181e7,1405,NEPTUNE RD
460534,,,NEVADA,ST,,,NEVADA ST,669229,ae1cd749-f99a-45a1-b3a0-042f5fde8421,1406,NEVADA ST
460535,,,NEW,ST,,,NEW ST,764289,498a970c-2dfb-4c80-9b2c-ec27bd8589c6,1407,NEW ST
460536,,,NEW BOND,ST,,,NEW BOND ST,733370,79949a3b-e8d2-45e1-8ef5-78e13356c1aa,1408,NEW BOND ST
460537,,,NEW VISTA,LN,,,NEW VISTA LN,825367,07579c53-4e4f-4a86-a0ef-e82685157902,1409,NEW VISTA LN
460538,,,NEW YORK,ST,,,NEW YORK ST,667126,ddde6a91-5d36-40f8-b194-2eaf2e51107b,1410,NEW YORK ST
460539,,,NEWBURN,RD,,,NEWBURN RD,582278,5ae0c316-a6a7-46b0-acec-8f5ffcd9b5a3,1411,NEWBURN RD
460540,,,NEWBURY,ST,,,NEWBURY ST,719207,449f5459-c80b-4a45-b60c-4672b30b8bba,1412,NEWBURY ST
460541,,,NEWPORT,ST,,,NEWPORT ST,768238,ea22f7de-22a7-4b84-b266-971c3793f8a2,1413,NEWPORT ST
460542,,,NEWTON,AVE,,,NEWTON AVE,682240,66b7a8eb-48c6-4093-93d8-0fadf620c1e1,1414,NEWTON AVE
460543,,,NILES,ST,,,NILES ST,869127,8d7b6fb2-eb8a-496f-8901-66b8f81bb971,1416,NILES ST
460544,,,NIPMUCK,ST,,,NIPMUCK ST,614206,b2ff4fcc-7403-4e23-8598-ad00d49818da,1417,NIPMUCK ST
460545,,,NIXON,AVE,,,NIXON AVE,664140,70c59acd-6664-456b-9cdf-06e2228245ec,1418,NIXON AVE
460546,,,NIZAM,DR,,,NIZAM DR,647373,9097eb4f-3aaa-4151-b8b6-c880c0c44ce6,1419,NIZAM DR
460547,,,NOME,ST,,,NOME ST,827349,30da101a-eb88-4929-9d08-26d625376c22,1420,NOME ST
460548,,,NONQUIT,ST,,,NONQUIT ST,866210,404e08ca-12a5-4f0a-8ecf-fe11267d2491,1421,NONQUIT ST
460549,,,NORCROSS,ST,,,NORCROSS ST,660206,32111c6e-86c1-44a8-8e3e-bf1f3d771828,1422,NORCROSS ST
460550,,,NORFOLK,CT,,,NORFOLK CT,795207,18098eea-98b2-4bbd-b1d2-417f4a6515fa,1424,NORFOLK CT
460551,,,NORFOLK,ST,,,NORFOLK ST,798210,b062ca09-acfb-473e-9e1d-be91ffce5d33,1425,NORFOLK ST
460552,,,NORMAN,AVE,,,NORMAN AVE,691214,f4e4b6fc-35b8-40da-bcde-77978ef056ad,1427,NORMAN AVE
460553,,,NORRBACK,AVE,,,NORRBACK AVE,762446,075aa338-6b7d-4c26-a0c5-801cb9291a15,1428,NORRBACK AVE
460554,,,NORTH,ST,,,NORTH ST,742279,6fa5844c-8cee-4417-8e4a-08ce37fd9808,1430,NORTH ST
460555,,,NORTH POND,RD,,,NORTH POND RD,702332,8b1acb8a-394f-4199-8574-533277c238ad,1431,N POND RD
460556,,,NORTH BEND,RD,,,NORTH BEND RD,590309,7aca33ef-0165-429e-81e7-530e33c9a367,1432,N BEND RD
460557,,,NORTH WORCESTER,AVE,,,NORTH WORCESTER AVE,687404,bc839948-cc20-4912-a7ea-17930a6c3e04,1433,N WORCESTER AVE
460558,,,NORTHAMPTON,ST,,,NORTHAMPTON ST,768259,bec38405-cdaa-4138-bd73-4d6526a537cc,1434,NORTHAMPTON ST
460559,,,NORTHBORO,ST,,,NORTHBORO ST,834232,729c997c-6685-4de6-9393-a4c1b8d7a913,1435,NORTHBORO ST
460560,,,NORTHRIDGE,ST,,,NORTHRIDGE ST,672191,53f86438-9c17-4d09-adef-725eff0168bc,1436,NORTHRIDGE ST
460561,,,NORTHEAST,CUTOFF,,,NORTHEAST CUTOFF,841372,6f3f64a4-125f-417e-8a8a-4b1d4186d8f5,1437,NE CUTOFF
460562,,,MIDLAND,ST,,,MIDLAND ST,674241,9d4a74d6-b29e-484c-8c40-3149b46e6b9f,1323,MIDLAND ST
460563,,,MILLBURY,ST,,,MILLBURY ST,768113,b797e396-fb6e-4f00-9cf7-f9ef60ce93db,1330,MILLBURY ST
460564,,,MONTICELLO,DR,WEST,,MONTICELLO DR WEST,609153,b387d787-ac93-4a6b-8eaa-e11e3a414eb5,1356,MONTICELLO DR W
460565,,,NEWTON,AVE,NORTH,,NEWTON AVE NORTH,687268,811fbd72-420c-4335-9029-646bbc5a89a7,1415,NEWTON AVE N
460566,,,NORDICA,ST,,,NORDICA ST,604279,8e5cf272-028d-4df5-9850-5ee4b63a0cd1,1423,NORDICA ST
460567,,,NORMAL,ST,,,NORMAL ST,772222,a75759a4-6832-4a92-9cf9-4196e8b9a44b,1426,NORMAL ST
460568,,,NORTH,PKWY,,,NORTH PKWY,790321,32fe6c5f-dccd-43aa-bfc4-ab3880cea905,1429,NORTH PKWY
460569,,,NORTON,DR,,,NORTON DR,736348,3c66844e-d3eb-481c-97f5-85919dc27748,1439,NORTON DR
460570,,,NYLAND,ST,,,NYLAND ST,803069,a9d86c7c-1158-4fd0-9af0-118e1de2db37,1446,NYLAND ST
460571,,,OAK,ST,,,OAK ST,728220,0df0eecc-2477-47d7-835a-df7ee5fbf440,1449,OAK ST
460572,,,OAKVIEW,ST,,,OAKVIEW ST,848326,5a4459f9-b9e6-4221-bf91-ca8c7e7e0b9e,1456,OAKVIEW ST
460573,,,OBERLIN,ST,,,OBERLIN ST,696177,cf95c0d2-1f47-457e-a2ea-ef5e4d8e06cc,1459,OBERLIN ST
460574,,,OLEAN,ST,,,OLEAN ST,584296,27d832f3-9760-4bd1-b51c-55118c610e95,1469,OLEAN ST
460575,,,OLEAN,ST,SOUTH,,OLEAN ST SOUTH,597270,9b9bbcf9-c835-41a0-9f17-ac742da61825,1470,OLEAN ST S
460576,,,ONANDAGA,ST,,,ONANDAGA ST,801360,29f955b4-f2a2-45bf-805e-8c23f06e90b8,1476,ONANDAGA ST
460577,,,ONTARIO,ST,,,ONTARIO ST,795369,c240072c-54d1-4dd5-b7db-5ddc7d126d1e,1479,ONTARIO ST
460578,,,OREAD,ST,,,OREAD ST,721179,e1298b36-5681-46cf-85cc-24461149ac42,1482,OREAD ST
460579,,,ORLANDO,AVE,,,ORLANDO AVE,703414,2555866b-ec60-4b6f-860b-52a8f30e770a,1486,ORLANDO AVE
460580,,,ORONO,ST,,,ORONO ST,765468,07295353-e629-4f8e-bd73-3d921ce2c9f0,1489,ORONO ST
460581,,,OSWALD,ST,,,OSWALD ST,750100,694697bd-db9d-4444-a743-c47827316636,1494,OSWALD ST
460582,,,OTHELLO,RD,,,OTHELLO RD,869216,cb451f05-3ddf-443d-90e2-5ebd9cb6833c,1495,OTHELLO RD
460583,,,OTSEGO,RD,,,OTSEGO RD,709282,5e671732-d539-406d-a3eb-7a376655c994,1496,OTSEGO RD
460584,,,OTTER,TRAIL,,,OTTER TRAIL,669383,9453f49e-b6e1-467a-874b-b4a48f13ebac,1497,OTTER TRL
460585,,,OTTO,AVE,,,OTTO AVE,799102,2c69a378-7d69-46cb-a57c-a163062309e4,1498,OTTO AVE
460586,,,OUTLOOK,DR,,,OUTLOOK DR,609199,564abd94-fa07-4862-be1f-718935879904,1499,OUTLOOK DR
460587,,,OXFORD,PL,,,OXFORD PL,728210,c33ae8b0-e054-4f25-9c27-d90eb7c16308,1500,OXFORD PL
460588,,,OXFORD,ST,,,OXFORD ST,729206,d1378d3f-7784-458b-b668-9522f7236f48,1501,OXFORD ST
460589,,,PAGE,ST,,,PAGE ST,696190,8d78a6b1-629d-4219-8c33-43892c0204a2,1502,PAGE ST
460590,,,PAINE,ST,,,PAINE ST,767280,5f099728-7e1a-415f-bf76-c1b00b41af54,1503,PAINE ST
460591,,,PAKACHOAG,ST,,,PAKACHOAG ST,709133,694cff19-505a-45fa-8cae-00da3cf6a912,1504,PAKACHOAG ST
460592,,,PALACE GARDENS,RD,,,PALACE GARDENS RD,756042,a4b32302-9ac0-440d-9cb5-1263519373fc,1505,PALACE GARDENS RD
460593,,,PALFREY,ST,,,PALFREY ST,831229,e421fda6-e293-4020-8018-52c3d89ff5e7,1506,PALFREY ST
460594,,,PALISADES,ST,,,PALISADES ST,857202,b2d0ac6e-7551-447e-9a59-f4efc3ec085a,1507,PALISADES ST
460595,,,PALM,ST,,,PALM ST,791175,89bae818-1bb0-4f11-a04b-5e2b46347825,1508,PALM ST
460596,,,PALMER,ST,,,PALMER ST,768241,9d368eef-02b4-4617-bc37-e9dff42c13a8,1509,PALMER ST
460597,,,PARADOX,DR,,,PARADOX DR,620291,db47e663-ac8d-4a4d-a8f1-decb3c7f4e7a,1511,PARADOX DR
460598,,,PARIS,AVE,,,PARIS AVE,597176,00539088-a66f-4286-a479-6dee1378706a,1512,PARIS AVE
460599,,,PARK,AVE,,,PARK AVE,696213,5c88d360-c9eb-4750-883c-5664c2dc3234,1513,PARK AVE
460600,,,PARK TERRACE,RD,,,PARK TERRACE RD,795158,68ef8131-f66a-41b1-928b-94e0ae9ecc57,1515,PARK TERRACE RD
460601,,,PARK HILL,RD,,,PARK HILL RD,807058,2746c609-3b47-45e4-9048-8ab050503854,1516,PARK HILL RD
460602,,,PARK VIEW,DR,,,PARK VIEW DR,778321,409d87aa-65e5-4923-9a6b-04a474b50b2a,1517,PARK VIEW DR
460603,,,PARK VILLA,AVE,,,PARK VILLA AVE,760450,d2860a54-0808-4233-a998-13af6ea429dd,1518,PARK VILLA AVE
460604,,,PARKER,CT,,,PARKER CT,764199,435bd46e-2696-4c1d-b103-1762aabc389c,1519,PARKER CT
460605,,,PARKER,ST,,,PARKER ST,690194,11e0a72b-79e6-4efc-9fec-94c755be9492,1520,PARKER ST
460606,,,PARKTON,AVE,,,PARKTON AVE,691358,618ce142-00f0-4373-95cd-fd1ac6874cc1,1521,PARKTON AVE
460607,,,PARSONS HILL,DR,,,PARSONS HILL DR,597152,0bccecd6-f4f6-4c69-84a4-4595c2814d7c,1522,PARSONS HILL DR
460608,,,PASADENA,PKWY,,,PASADENA PKWY,836343,112256ac-d98d-476c-9337-c9ef84bd2e0f,1523,PASADENA PKWY
460609,,,PATCH,ST,,,PATCH ST,776241,f5bb4dee-601a-47b9-909c-dea9e7792152,1524,PATCH ST
460610,,,PATCH RESERVOIR,DR,,,PATCH RESERVOIR DR,612228,b11f0618-e6a8-494d-8f85-9ffbd3c20a19,1525,PATCH RESERVOIR DR
460611,,,PATTISON,ST,,,PATTISON ST,764171,b2530c87-5b5c-4dc1-ac57-ef5a3ca395a0,1526,PATTISON ST
460612,,,PAUL,ST,,,PAUL ST,776382,56ae4b31-a4e0-4dcb-b124-177bb77a6ae5,1527,PAUL ST
460613,,,PAUL REVERE,RD,,,PAUL REVERE RD,680295,65a50f3e-27dc-4a61-92eb-ba27c524aca0,1528,PAUL REVERE RD
460614,,,SHORE,DR,,,SHORE DR,715358,31846bb0-922f-45a8-a141-40634b3df1ac,1783,SHORE DR
460615,,,VIRGINIA,RD,,,VIRGINIA RD,584274,d8ce69e6-189e-45c2-959e-a8d1040a32d9,2010,VIRGINIA RD
460616,,,WABASH,AVE,,,WABASH AVE,777145,60a9e4c4-c81f-4e66-8a8c-143ffcbdd8b8,2015,WABASH AVE
460617,,,WAITE,ST,,,WAITE ST,795228,3a1592d1-1d58-4d7d-b2df-27f89c679f9a,2020,WAITE ST
460618,,,GOOD HARBOR,DR,,,GOOD HARBOR DR,778478,f5c1b7c5-8cfd-43da-a742-4d85c8756c3f,8305,GOOD HARBOR DR
460619,,,FATIMA,LN,,,FATIMA LN,810388,bb801858-1a3a-4eb0-9642-7cece9923302,7245,FATIMA LN
460620,,,THIRD,RD,,,THIRD RD,850260,c98eb655-cb1c-4052-b70a-ecaf301cf0aa,19175,THIRD RD
460621,,,JERSEY,DR,,,JERSEY DR,777477,997904cc-82b6-4c22-ae2e-f953f4ebd1a1,1056,JERSEY DR
460622,,,WALL,ST,,,WALL ST,787193,3ef14b89-3e82-47b3-92c4-6b05ef01848a,2025,WALL ST
460623,,,NEWTON,SQ,,,NEWTON SQ,681234,09fca3c6-6e3b-443c-88f2-27611489aaf3,14155,NEWTON SQ
460624,,,HERSEY,ST,,,HERSEY ST,626124,0b90576d-44c1-4016-ac1a-246256a8ccdd,9445,HERSEY ST
460625,,,WASHBURN,WAY,,,WASHBURN WAY,754255,0a21ba36-2ba7-4be1-9f09-f19b68364e8a,20455,WASHBURN WAY
460626,,,FOURTH,RD,,,FOURTH RD,856267,20152288-a13b-4236-a1e9-7a988b77e4fe,7635,FOURTH RD
460627,,,FIFTH,RD,,,FIFTH RD,857268,a9be2b11-e860-4eef-a6e6-98506943d196,7395,FIFTH RD
460628,,,CLOCKTOWER,DR,,,CLOCKTOWER DR,829264,7aaf3de0-c45c-4f44-8d27-2857b5ca78a3,4465,CLOCKTOWER DR
460629,,,SEABURY,HTS,,,SEABURY HTS,799242,88f72d2c-26ce-4c61-85fd-63cd3b7cbcbd,17505,SEABURY HTS
460630,,,BAXTER,ST,,,BAXTER ST,567272,bb411a90-9296-415c-82ec-154ce07aba2a,166,BAXTER ST
460631,,,BAY EDGE,DR,,,BAY EDGE DR,892136,a0ac2c05-d392-4902-b0f1-176785f60a4a,167,BAY EDGE DR
460632,,,BAY EDGE,LN,,,BAY EDGE LN,894137,a336f53c-4230-414d-8f75-da4345096113,168,BAY EDGE LN
460633,,,BAY STATE,RD,,,BAY STATE RD,788359,207ca9ab-e5aa-4f9e-831e-97aa507bfe42,169,BAY STATE RD
460634,,,BAYBERRY,DR,,,BAYBERRY DR,732071,c8ae9b98-0d34-4749-ae53-dafb406d0307,170,BAYBERRY DR
460635,,,BAYBERRY,LN,,,BAYBERRY LN,640195,d1f2f3cc-d08b-4f5d-a9ef-e9b70acd78e2,171,BAYBERRY LN
460636,,,BAYBERRY,RD,,,BAYBERRY RD,767336,0bffd73b-f4a6-4ac0-987a-925062861993,172,BAYBERRY RD
460637,,,BEACH,ST,,,BEACH ST,757191,5ab330b9-8e34-4309-93fa-4b6f4b7e594f,173,BEACH ST
460638,,,BEACON,ST,,,BEACON ST,723179,9f1142c7-0ec8-4690-8485-9e3a394ffeb5,174,BEACON ST
460639,,,BEACONSFIELD,RD,,,BEACONSFIELD RD,618283,ab1a127d-4d96-468f-b206-6c702fb5b398,176,BEACONSFIELD RD
460640,,,BEALE,ST,,,BEALE ST,787458,844b08bb-ab0f-4858-ae9f-cc06a9460bb3,177,BEALE ST
460641,,,BEATRICE,DR,,,BEATRICE DR,579160,861ddd9d-7c2e-436b-a0ca-b5f663f7f536,179,BEATRICE DR
460642,,,BEAUMONT,RD,,,BEAUMONT RD,803148,c1d41fa0-89fe-46ca-a771-fc85461153b6,180,BEAUMONT RD
460643,,,BEAVER,ST,,,BEAVER ST,673161,2a159837-b0fe-4447-89da-bf239ae4a6d6,181,BEAVER ST
460644,,,BEAVER BROOK,PKWY,,,BEAVER BROOK PKWY,668179,6f770bee-dcb4-404d-a048-a359d5831344,182,BEAVERBROOK PKWY
460645,,,BECK,ST,,,BECK ST,763070,cd15bd01-6ded-4d08-8c0b-7bcc27d99acb,183,BECK ST
460646,,,BECKET,ST,,,BECKET ST,662176,03889fae-6e91-474c-8b9e-6f4293cd803b,184,BECKET ST
460647,,,BECKLAND,ST,,,BECKLAND ST,802074,b4dcf321-6e1a-4e7a-87dd-5fd9974963e3,185,BECKLAND ST
460648,,,BECKMAN,ST,,,BECKMAN ST,748095,e7e41b39-d8c3-46f5-a3c3-4c0859882fab,186,BECKMAN ST
460649,,,BEDFORD,AVE,,,BEDFORD AVE,816172,e5b9fae2-05c4-42e6-9dd2-966a7240ebec,187,BEDFORD AVE
460650,,,BEECHING,ST,,,BEECHING ST,662260,8fb301cd-1083-4361-893a-b6df61ff4b18,189,BEECHING ST
460651,,,BLOOMINGDALE,CT,,,BLOOMINGDALE CT,788203,1dae9d2f-7463-453f-ab15-d615cdab9355,244,BLOOMINGDALE CT
460652,,,MOUNTAIN,ST,EAST,,MOUNTAIN ST EAST,802415,bc480ff6-bfba-452d-b6b0-f423b71cd577,1377,E MOUNTAIN ST
460653,,,MOUNTAIN,ST,WEST,,MOUNTAIN ST WEST,747441,97fa54d6-33fc-4142-8b9a-244ce856bfa7,1378,W MOUNTAIN ST
460654,,,ORTON,ST,,EXT,ORTON ST EXT,868178,db336793-393f-49ca-af94-efafd13d3177,1492,ORTON STREET EXT
460655,,,PARK,AVE,,PL,PARK AVE PL,662156,06e3321f-6fdd-497f-aed5-b125f47e3d0f,1514,PARK AVENUE PL
460656,,,SOMERSET,ST,,,SOMERSET ST,712232,e5c263c4-f9e4-4317-adac-8894a30850bc,1801,SOMERSET ST
460657,,,SOUTHWOOD,RD,,,SOUTHWOOD RD,680274,8f3d58a1-f307-4a3e-8fed-3361017f4457,1814,SOUTHWOOD RD
460658,,,SPAULDING,ST,,,SPAULDING ST,663170,56678382-ac99-4918-aa88-e668c7165712,1815,SPAULDING ST
460659,,,SPENCER,ST,,,SPENCER ST,645120,97f2bb8c-e271-415b-a951-159fa1f241bf,1816,SPENCER ST
460660,,,SPOFFORD,RD,,,SPOFFORD RD,749056,a75683b2-d717-4fa3-8ffa-bbe70643547c,1817,SPOFFORD RD
460661,,,SPRING VALLEY,RD,,,SPRING VALLEY RD,648340,c1fb7e6b-b5f1-425e-a9e0-d8cdc86f13c9,1819,SPRING VALLEY RD
460662,,,SPURR,ST,,,SPURR ST,767153,18eee7aa-54ee-4458-ae3e-b6f33e71c228,1820,SPURR ST
460663,,,TURIN,RD,,,TURIN RD,818217,1620340f-c441-495d-8b69-d061b138f072,1955,TURIN RD
460664,,,TURNER,AVE,,,TURNER AVE,764345,6373060a-1dcc-4edd-b067-d2659b3bfdde,1956,TURNER AVE
460665,,,TUXEDO,RD,,,TUXEDO RD,702386,2d3cf12d-6a72-42fd-a3dd-c72844f7b0e0,1957,TUXEDO RD
460666,,,TYLEE,AVE,,,TYLEE AVE,798340,f8ee9bce-d330-44fa-86ac-c6da081586f8,1958,TYLEE AVE
460667,,,TYLER PRENTICE,RD,,,TYLER PRENTICE RD,828327,908005f5-ab49-4f1d-a053-2a725951d279,1959,TYLER PRENTICE RD
460668,,,TYSON,RD,,,TYSON RD,787472,14792990-68aa-499f-afc3-e63976888f06,1960,TYSON RD
460669,,,TYSON,TER,,,TYSON TER,788487,0c84e6d1-f6b0-48b1-82b9-f140791f7736,1961,TYSON TER
460670,,,UMBAGOG,DR,,,UMBAGOG DR,878181,1d988576-dad7-4a55-a612-a70d2d57e60a,1962,UMBAGOG DR
460671,,,UNCATENA,AVE,,,UNCATENA AVE,799379,541788e3-ec13-4542-8c4a-8252eb28e32c,1963,UNCATENA AVE
460672,,,UNDERWOOD,ST,,,UNDERWOOD ST,648217,313b86e0-b679-45fe-be2b-54b5f1e5454f,1964,UNDERWOOD ST
460673,,,UNION,PL,,,UNION PL,769188,114575e8-b19a-4a9b-87de-e6ed32ed1997,1965,UNION PL
460674,,,UNION,ST,,,UNION ST,754233,db7c5eb5-6d92-449b-8d33-468b92f7c6bc,1966,UNION ST
460675,,,UPLAND,ST,,,UPLAND ST,745067,a3fd42da-b4df-4e56-a51f-e1ca146e483f,1967,UPLAND ST
460676,,,UPLAND GARDENS,DR,,,UPLAND GARDENS DR,738059,7d458d2b-1348-4198-8c48-7e9734b38515,1968,UPLAND GARDENS DR
460677,,,UPSALA,ST,,,UPSALA ST,764133,c382b7b0-e715-442e-8405-ff1b9bfc7f33,1969,UPSALA ST
460678,,,UTAH,ST,,,UTAH ST,881126,506934fb-b630-4194-b336-6ac1a6ff7174,1970,UTAH ST
460679,,,UTICA,DR,,,UTICA DR,612149,795c3dfd-6c1c-478d-81a2-7dd3e4a0c605,1971,UTICA DR
460680,,,UXBRIDGE,ST,,,UXBRIDGE ST,780284,8cf2c049-18ff-48a5-9c35-63894f216737,1972,UXBRIDGE ST
460681,,,VALE,ST,,,VALE ST,784166,04e84c88-d6cc-4163-91d8-0784b40f2d4c,1973,VALE ST
460682,,,VALENTE,DR,,,VALENTE DR,907111,b8217815-3cc5-4ea5-9640-f0e6c9e42de6,1974,VALENTE DR
460683,,,VALLEY,ST,,,VALLEY ST,715185,246dacc7-f749-4746-9a47-8c42cca67fc8,1975,VALLEY ST
460684,,,VALLEY HILL,DR,,,VALLEY HILL DR,693264,9355b821-5ac4-43fb-8151-87b21fff5213,1976,VALLEY HILL DR
460685,,,VERNON,ST,,PL,VERNON ST PL,754131,2f248b83-0a9e-4e5f-a4dd-67d6462737a8,1993,VERNON STREET PL
460686,,,WALL,ST,,CT,WALL ST CT,785189,5e94acaa-c655-46ab-a397-4e581a03bd42,2026,WALL ST CT
460687,,,WHITNEY,ST,,CT,WHITNEY ST CT,745143,3920190e-1495-4a53-8d44-e07c93e0b9ec,2112,WHITNEY STREET CT
460688,,,WINTER,ST,,CT,WINTER ST CT,761193,dca494d9-42bc-4585-a2ec-64c0b940b761,2145,WINTER ST CT
460689,,,WOODMAN,RD,,,WOODMAN RD,655222,e03aa197-1ad6-4e22-99a3-9978b076e45f,2158,WOODMAN RD
460690,,,LAWTON,ST,,,LAWTON ST,840126,181b9713-3214-40b2-9e9e-1323884f2814,1149,LAWTON ST
460691,,,LAXELL,AVE,,,LAXELL AVE,768353,4ddcdace-e7f5-4e57-8d14-7841106f6dbe,1150,LAXELL AVE
460692,,,LAZELLE,ST,,,LAZELLE ST,735305,22b4a1b9-56d5-42e4-923c-334b5ebac04d,1151,LAZELLE ST
460693,,,LEBANON,ST,,,LEBANON ST,621108,212d7484-9137-4252-8012-170111e3e0c5,1152,LEBANON ST
460694,,,LEDGECREST,DR,,,LEDGECREST DR,584167,5a9e6df5-aff4-4c7e-9332-c6a8cb4bf140,1153,LEDGECREST DR
460695,,,ROLAND,RD,,,ROLAND RD,767408,531ce79d-6133-45d4-9c53-cce539b442d4,1687,ROLAND RD
460696,,,ROLFE,AVE,,,ROLFE AVE,836119,68530862-209b-44bd-a2da-53c7cf7a9416,1688,ROLFE AVE
460697,,,ROLLINGWOOD,DR,,,ROLLINGWOOD DR,671293,d0437993-aaad-4c6e-9f6a-89399a030f08,1689,ROLLINGWOOD DR
460698,,,ROLLINSON,RD,,,ROLLINSON RD,783398,845b2b1c-e9fb-40a7-9250-90e040f31054,1690,ROLLINSON RD
460699,,,ROMOLA,RD,,,ROMOLA RD,693314,af715508-881e-4770-92cb-373cfeb1358b,1691,ROMOLA RD
460700,,,RONALD,DR,,,RONALD DR,875176,87c14011-a49f-41e6-b488-30465ec26890,1692,RONALD DR
460701,,,RONDEAU,CT,,,RONDEAU CT,790199,352fa846-04b2-4640-9c9c-4a0555104729,1693,RONDEAU CT
460702,,,ROSAMOND,ST,,,ROSAMOND ST,788157,013d135d-3054-4d62-a3a9-3be430e48589,1694,ROSAMOND ST
460703,,,ROSE,LN,,,ROSE LN,759019,707b2da6-dd79-48f8-a921-b791782faeb9,1695,ROSE LN
460704,,,FERRARO,ST,,,FERRARO ST,875116,6545bf9a-e3c2-46b7-96bc-ea4494a9eac3,736,FERRARO ST
460705,,,CRISTY,ST,,,CRISTY ST,692162,6ea86d4f-6b39-4cb2-bb77-bf6ee7c555bc,507,CRISTY ST
460706,,,TARA,LN,,,TARA LN,774390,aafaf361-7a7d-417e-9ab9-875c18b9617d,1900,TARA LN
460707,,,TARRYTOWN,LN,,,TARRYTOWN LN,547285,ecdd8de2-9325-4f06-8ea5-7647fb38224e,1901,TARRYTOWN LN
460708,,,TATMAN,ST,,,TATMAN ST,758084,94fdf093-3d67-4f4f-94a3-2e703b7395c1,1902,TATMAN ST
460709,,,TATNUCK,GARDENS,,,TATNUCK GARDENS,593282,03eb19dd-087a-4390-8a6d-14194a4b20b1,1903,TATNUCK GDNS
460710,,,TATTAN FARM,RD,,,TATTAN FARM RD,665364,8b46e4e1-ebc5-4364-a729-685aa8691d50,1905,TATTAN FARM RD
460711,,,TAUNTON,ST,,,TAUNTON ST,784140,b65bed81-595a-4070-8c73-956c8c499395,1906,TAUNTON ST
460712,,,TAYLOR,ST,,,TAYLOR ST,753170,31c10281-5e79-4806-9955-c75a6a2cf538,1908,TAYLOR ST
460713,,,TECONNETT,PATH,,,TECONNETT PATH,859306,e0ebec8b-bd41-49a7-b64a-a6d5276c4167,1909,TECONNETT PATH
460714,,,TEDDY,RD,,,TEDDY RD,607145,1aa2ec53-128f-4bf4-a524-9ec14d98d379,1910,TEDDY RD
460715,,,TEMPLE,ST,,,TEMPLE ST,760197,e8d5919c-99ea-476e-8b85-b2dd3190ae2a,1911,TEMPLE ST
460716,,,TENNYSON,ST,,,TENNYSON ST,734093,bba0ec5b-0657-4a36-b934-5098e65bf67e,1912,TENNYSON ST
460717,,,TERRACE,DR,,,TERRACE DR,690270,a345703f-ab52-409d-acec-5994b91b888a,1913,TERRACE DR
460718,,,TEWKESBURY,RD,,,TEWKESBURY RD,618194,ce23e59f-1641-470f-98b5-cfa3c5edcf70,1914,TEWKSBURY RD
460719,,,THAYER,CT,,,THAYER CT,706171,11a83f80-b2ef-4026-b28b-b2031c41283a,1915,THAYER CT
460720,,,THAYER,ST,,,THAYER ST,665180,8608f547-f0a9-4c92-9990-a0cb9c184fdd,1916,THAYER ST
460721,,,THIRD,ST,,,THIRD ST,613182,8310931b-62e2-4745-b099-31a8f4e00bc6,1918,3RD ST
460722,,,THISTLE,LN,,,THISTLE LN,644194,5853b227-0e05-4e38-a506-300949f4b9af,1919,THISTLE LN
460723,,,THOMAS,ST,,,THOMAS ST,754227,955b9404-8bf0-45c3-93ea-b2fa560b0959,1920,THOMAS ST
460724,,,THORNDYKE,RD,,,THORNDYKE RD,784353,8ebc382a-6b7d-44a1-8acd-61cbdefaa0bb,1921,THORNDYKE RD
460725,,,THORNE,ST,,,THORNE ST,792191,a9c8c6f6-ce61-49dc-bd62-f0b131eb16a2,1922,THORNE ST
460726,,,THORNTON,RD,,,THORNTON RD,774340,21239d27-ca3c-4762-bf4a-ee79d618f1a9,1923,THORNTON RD
460727,,,TROWBRIDGE,CIRCUIT,,,TROWBRIDGE CIRCUIT,667094,6fd45f4a-0ddd-422d-923c-720ffd4d1c36,1924,TROWBRIDGE CIRCUIT
460728,,,TIFFANY,AVE,,,TIFFANY AVE,819134,d925b646-b3e2-4318-903e-b48de56afd2f,1925,TIFFANY AVE
460729,,,TIHONET,ST,,,TIHONET ST,613285,f00bcad1-6a4e-4dd7-83c9-6da99f6cfc23,1926,TIHONET ST
460730,,,TIMROD,DR,,,TIMROD DR,593152,40c3a311-1f21-4311-b368-9ca6bb6c38da,1928,TIMROD DR
460731,,,TIRRELL,ST,,,TIRRELL ST,677149,33f8cb46-7d02-4a0e-9755-5126cb93e55e,1929,TIRRELL ST
460732,,,TIVERTON,PKWY,,,TIVERTON PKWY,606272,4a3d2151-46ad-436f-801c-d26289af2401,1930,TIVERTON PKWY
460733,,,TOPSFIELD,RD,,,TOPSFIELD RD,727298,d81696f6-023e-4582-92b4-dee4a3350562,1931,TOPSFIELD RD
460734,,,TORKELSON,RD,,,TORKELSON RD,862214,138e351b-e2eb-41d5-9300-04e6dfc992e5,1932,TORKELSON RD
460735,,,TORONITA,AVE,,,TORONITA AVE,669349,08441c60-2df8-4066-81b9-e976209b9e50,1933,TORONITA AVE
460736,,,TORY FORT,LN,,,TORY FORT LN,601294,00d8149a-d47e-4e76-ba0b-4d1d7429664e,1934,TORY FORT LN
460737,,,TOTEM,TRAIL,,,TOTEM TRAIL,858302,921b401b-6901-4bde-9a91-db50130b3293,1935,TOTEM TRL
460738,,,TOURAINE,ST,,,TOURAINE ST,856204,c4e6e27a-ca51-4b27-9049-b7af98ef94c2,1936,TOURAINE ST
460739,,,TOWNSEND,ST,,,TOWNSEND ST,703215,eb71b8b9-94a2-40eb-acc3-5f22876ce6a0,1938,TOWNSEND ST
460740,,,TRACY,PL,,,TRACY PL,694093,1f913c10-756d-4e20-ae5b-0f2a10b5aaf4,1939,TRACY PL
460741,,,TRAVIS,ST,,,TRAVIS ST,821158,ff5c7f79-f5e8-4611-8ee1-a9491d62c9be,1941,TRAVIS ST
460742,,,TRENT,RD,,,TRENT RD,819218,2e51b6a5-983b-4d8b-b108-51e521071755,1942,TRENT RD
460743,,,TRENTON,ST,,,TRENTON ST,843124,6b549edd-1dd2-44a9-97e8-02c70b7e1b3f,1943,TRENTON ST
460744,,,TRIANGLE,ST,,,TRIANGLE ST,770429,1dbe50c6-f972-4df6-a25e-b509e457d173,1945,TRIANGLE ST
460745,,,TRINITY,AVE,,,TRINITY AVE,818309,ac4ced70-31e8-46d8-8c41-186ea7babf48,1946,TRINITY AVE
460746,,,TROTTIER,ST,,,TROTTIER ST,757389,3fa23e90-f479-4078-80c4-7f24af66d852,1948,TROTTIER ST
460747,,,TROWBRIDGE,RD,,,TROWBRIDGE RD,721242,c7deeba5-ef49-42ae-a848-a56e6d5c8d35,1949,TROWBRIDGE RD
460748,,,TUCKER,ST,,,TUCKER ST,785418,7c30634d-1e4d-4d4d-8a80-447c0924bd32,1951,TUCKER ST
460749,,,TUCKERMAN,ST,,,TUCKERMAN ST,745246,201f5332-69ba-4cee-a82d-f341133a5aa1,1952,TUCKERMAN ST
460750,,,TUNIS,RD,,,TUNIS RD,764414,cdf3bdc6-14c7-4c05-8e7f-47bee7774c3a,1953,TUNIS RD
460751,SOUTH,,HILL,ST,,,SOUTH HILL ST,777211,e8671f09-f985-4b68-9d4f-957309d67b58,2198,S HILL ST
460752,SOUTH,,LENOX,ST,,,SOUTH LENOX ST,656247,d62720a7-5863-4d9d-b766-6acbc32f2f58,2199,S LENOX ST
460753,SOUTH,,STOWELL,ST,,,SOUTH STOWELL ST,784153,8ce6e567-9237-45b1-97bb-b9c7b2c9d956,2201,S STOWELL ST
460754,SOUTH,,WARD,ST,,,SOUTH WARD ST,748150,ec7e4d78-7fd1-4bca-9695-5cae8602caa2,2202,S WARD ST
460755,WEST,,CHESTER,ST,,,WEST CHESTER ST,676353,0ea1c4e5-9ba3-4335-93e9-d5205121d3f7,2203,W CHESTER ST
460756,WEST,,HAMPTON,ST,,,WEST HAMPTON ST,715093,2c3705e8-e929-4eee-a5fc-c2f33443e952,2204,W HAMPTON ST
460757,WEST,,LAKE,ST,,,WEST LAKE ST,648145,d79133e1-684f-4f71-bdc7-3fdb2a3cbe18,2205,W LAKE ST
460758,WEST,,OBERLIN,ST,,,WEST OBERLIN ST,685182,f55c019f-0329-4f6a-8e50-477ba932770a,2206,W OBERLIN ST
460759,,,BAILIN,DR,,,BAILIN DR,841101,2add1ac5-a81c-4913-9ad4-ef5f70346cef,2208,BAILIN DR
460760,,,CHADWICK,SQ,,,CHADWICK SQ,731295,c0a56356-4c64-4ce1-a330-dae6ef61f5d5,2211,CHADWICK SQ
460761,,,SHAWNEE,RD,,,SHAWNEE RD,722387,51c3b415-57d6-4cd5-ba3c-41a5aa101831,4428,SHAWNEE RD
460762,,,SAFFRON,DR,,,SAFFRON DR,655381,c8ddec06-d597-4d6b-ba4f-79513206c681,4429,SAFFRON DR
460763,,,ANGELA ROSE,LN,,,ANGELA ROSE LN,841223,12be2178-f90f-41b4-9af9-8081bfedc095,4431,ANGELA ROSE LN
460764,,,BRANDT,LN,,,BRANDT LN,867141,31522be9-73f2-412c-8294-a21aa43da7c6,4433,BRANDT LN
460765,,,OAK,KNOLL,,,OAK KNOLL,641280,12457e04-92b7-4576-b831-33f73a184533,1448,OAK KNLS
460766,,,STERLING,ST,,,STERLING ST,756159,b78a7f26-0369-441e-9466-b6fc40efaa0b,1841,STERLING ST
460767,,,STIDSEN,WAY,,,STIDSEN WAY,889104,c264f22f-4120-4793-8432-32e74640fc14,1844,STIDSEN WAY
460768,,,STORES,ST,,,STORES ST,730368,7a0b7a60-6b37-49d6-ab3a-27856fe802de,1854,STORES ST
460769,,,SUBURBAN,RD,,,SUBURBAN RD,687238,79941c93-5383-4b2e-a915-5928f2c5b160,1861,SUBURBAN RD
460770,,,SUFFOLK,ST,,,SUFFOLK ST,784195,4b026645-04f4-468d-9421-d33e9e1c9d17,1864,SUFFOLK ST
460771,,,SUNTAUG,RD,,,SUNTAUG RD,890141,a4cd56ac-1548-4acb-9c44-1118f835e259,1877,SUNTAUG RD
460772,,,SUTTON,LN,,,SUTTON LN,682130,3b013127-5ca9-452c-a5b8-253c3b3b44f7,1881,SUTTON LN
460773,,,SVENSON,AVE,,,SVENSON AVE,809094,dd8db745-253d-4e98-80f1-3d1508c9517c,1884,SVENSON AVE
460774,,,TACOMA,ST,,,TACOMA ST,830367,7ff50100-4ab5-4122-90d9-82316422e413,1891,TACOMA ST
460775,,,TAINTER,CT,,,TAINTER CT,713168,89d2e895-5d7d-4b2d-9b6a-b4e9ae854e61,1894,TAINTER CT
460776,,,TATNUCK,TER,,,TATNUCK TER,609261,b48e7936-3fef-4ba2-a4b6-06e715bf440e,1904,TATNUCK TER
460777,,,TAYLOR,CT,,,TAYLOR CT,746062,9c550acd-6103-402f-91f5-cd4c02bd54a6,1907,TAYLOR CT
460778,,,THENIUS,ST,,,THENIUS ST,752101,cc3e72b6-2588-4af1-bb0c-3d86513b69e2,1917,THENIUS ST
460779,,,ANN,RD,,,ANN RD,671379,9d7f00c4-3f52-4e45-863e-999b94fa56b0,65,ANN RD
460780,,,LUTHER,AVE,,,LUTHER AVE,667348,611a928e-72f7-4f8e-83e8-2310c499e5e8,1209,LUTHER AVE
460781,,,HOWLAND,TER,,,HOWLAND TER,667232,58db008b-408f-49ac-952c-3b31f6b3d4ed,989,HOWLAND TER
460782,,,MARY ANN,DR,,,MARY ANN DR,770343,939d4e63-7e3a-49fd-96b7-6d37091c1227,1267,MARY ANN DR
460783,,,MIDGLEY,AVE,,,MIDGLEY AVE,604218,74eca368-795e-42be-b1eb-1f2035ecfec1,1321,MIDGLEY AVE
460784,,,BEVERLY,COVE,,,BEVERLY COVE,881109,dde3543b-7855-4107-8f21-1a913d74ad7b,22055,BEVERLY CV
460785,,,PASSWAY 1,,,,PASSWAY ONE,606200,d8ec4fe6-15d5-4c50-9671-8dbfe2a83e52,2180,PASSWAY 1
460786,,,TILBURY,ST,,,TILBURY ST,622094,bfcf134c-3fa5-460f-853a-6aab8c1eab43,1927,TILBURY ST
460787,,,TRAHAN,AVE,,,TRAHAN AVE,832176,eacf1ad6-2645-42f6-958e-6d79ba839859,1940,TRAHAN AVE
460788,,,PIEDMONT,CT,,,PIEDMONT CT,717186,6d642829-ab95-4cff-bc0d-c018e5c4cada,1551,PIEDMONT CT
460789,,,CARO,ST,,,CARO ST,713118,d7af70ba-2ae4-4b1c-b109-6a0f44ffbb8e,354,CARO ST
460790,,,DIGHTON,ST,,,DIGHTON ST,685090,90e4b5ac-3f00-4f6e-b1f9-34ee2a0ff39c,573,DIGHTON ST
460791,,,DREXEL,ST,,,DREXEL ST,609283,c03d6cc3-0d3b-4576-a40e-e28943ee2ad3,603,DREXEL ST
460792,,,VICTORIA,AVE,,,VICTORIA AVE,757079,0c2852f8-681d-4643-8ec4-3d778e6d50c3,1998,VICTORIA AVE
460793,,,FAIRFIELD,ST,,,FAIRFIELD ST,675184,b99aed52-7269-42ea-b654-37761a295af4,709,FAIRFIELD ST
460794,,,COBURN,AVE,,,COBURN AVE,859215,53966d51-eb9a-42db-abbf-5e1337008a4c,449,COBURN AVE
460795,,,RED WING,LN,,,RED WING LN,687326,cbe8e6be-2e9f-49a3-84c3-8f5a122a2b4e,1637,RED WING LN
460796,,,KATAHDIN,ST,,,KATAHDIN ST,775468,d5f46b38-a454-4bd0-8651-e390a799e312,1075,KATAHDIN ST
460797,,,ISLAND,RD,,,ISLAND RD,658090,3efadbe5-ee0b-4500-8bd6-5aa879251e45,1034,ISLAND RD
460798,,,MONTAGUE,ST,,,MONTAGUE ST,639148,08b23dbc-287e-47f3-9b47-9d6898969c38,1349,MONTAGUE ST
460799,,,OLD LINCOLN,ST,,,OLD LINCOLN ST,756246,e3f9f0e9-fe2f-4b86-91e9-a251da25fbb5,1468,OLD LINCOLN ST
460800,,,BUCKINGHAM,ST,,,BUCKINGHAM ST,783298,4a00f16f-82bb-4aa8-88f8-373a71884462,311,BUCKINGHAM RD
460801,,,BLAINE,AVE,,,BLAINE AVE,622126,39059623-d22c-4b5e-8281-4968086f12cc,235,BLAINE AVE
460802,,,ANSONIA,RD,,,ANSONIA RD,858277,3e5a18cc-bac3-45c3-a1c5-90e16cd9a2d5,69,ANSONIA RD
460803,,,ANTOINE,ST,,,ANTOINE ST,624093,5e0120fd-0aac-4871-ae77-f56d8926b796,70,ANTOINE ST
460804,,,APOLLO,RD,,,APOLLO RD,696311,0f9d3bfa-8ad3-474f-9013-9c6ad6831c43,71,APOLLO RD
460805,,,APRICOT,ST,,,APRICOT ST,589134,a522bf95-a854-4649-9336-76455509f718,72,APRICOT ST
460806,,,APTHORP,ST,,,APTHORP ST,784460,ab8e62bb-8d5f-4dfd-954e-9fe03826d55d,73,APTHORP ST
460807,,,ARAPAHO,RD,,,ARAPAHO RD,716377,2fdd79a4-f96f-4233-a78b-c045a262cbbf,74,ARAPAHO RD
460808,,,ARARAT,ST,,,ARARAT ST,721397,30acc1a6-2c86-4382-8757-e5676f6627e6,75,ARARAT ST
460809,,,ARBOR VITAE,ST,,,ARBOR VITAE ST,647144,11f19a0a-160f-479d-a8a1-2b8f3da280e1,76,ARBOR VITAE ST
460810,,,ARBORETUM,DR,,,ARBORETUM DR,730070,5849b679-d4d9-4887-afed-f32cd720e6df,77,ARBORETUM DR
460811,,,ARBORWOOD,DR,,,ARBORWOOD DR,827155,98be3de6-68de-4d53-95f3-bb25ff69a611,78,ARBORWOOD DR
460812,,,ARBUTUS,RD,,,ARBUTUS RD,782400,cf9f75f7-3b22-4815-ad15-c41fe6491fb3,79,ARBUTUS RD
460813,,,ARBUTUS,ST,,,ARBUTUS ST,838137,1905b1e3-9927-4403-b485-2609a723c310,80,ARBUTUS ST
460814,,,ARCADIA,ST,,,ARCADIA ST,851151,19fee129-11f7-4844-9f54-f1bedad32c1e,81,ARCADIA ST
460815,,,ARCTIC,ST,,,ARCTIC ST,770198,b90a7b11-273c-412b-a808-5c065c0416f8,82,ARCTIC ST
460816,,,ARDEN,CT,,,ARDEN CT,771410,24dd6a9b-3a1c-48cc-a42d-aa232c703cc1,83,ARDEN CT
460817,,,ARDEN,RD,,,ARDEN RD,771409,23d249f4-99d6-4412-a6a5-d987db0604af,84,ARDEN RD
460818,,,ARDMORE,RD,,,ARDMORE RD,698299,e9564e02-ec50-4321-8eb4-9f898bb50e1f,85,ARDMORE RD
460819,,,ARENA,ST,,,ARENA ST,765417,eca59a92-813d-4a52-a6bf-d394a2d3f02b,86,ARENA ST
460820,,,ARLETTA,AVE,,,ARLETTA AVE,611249,ced68c2d-ce00-487a-ad66-2417e6f06e78,87,ARLETTA AVE
460821,,,ARLINE,ST,,,ARLINE ST,752097,70a8fa14-462b-4d76-9afe-d3499d48ccb9,88,ARLINE ST
460822,,,ARLINGTON,ST,,,ARLINGTON ST,766169,0c1bc547-7220-46a7-a001-8eb93c13c162,89,ARLINGTON ST
460823,,,ARMANDALE,ST,,,ARMANDALE ST,599130,dc2264ac-966c-452d-a5a5-5ace8c10d0f4,90,ARMANDALE ST
460824,,,ARMORY,ST,,,ARMORY ST,711151,81977ff0-3206-44e5-a969-1d4f70fa993d,91,ARMORY ST
460825,,,ARNOLD,RD,,,ARNOLD RD,754032,8dbb05e7-ff56-439a-9565-ea280385ef85,92,ARNOLD RD
460826,,,AROOSTOOK,ST,,,AROOSTOOK ST,766462,f499ff65-9c03-4cf5-ad5b-37dceaf7634c,93,AROOSTOOK ST
460827,,,RUTHVEN,AVE,,,RUTHVEN AVE,737310,e7ce6e38-d112-4b72-b0ec-9d98927bd624,1717,RUTHVEN AVE
460828,,,RUTLAND,TER,,,RUTLAND TER,715267,b00d1813-9fbe-45d0-ae93-aaf5191450e3,1718,RUTLAND TER
460829,,,RUTLEDGE,ST,,,RUTLEDGE ST,787141,5bf60112-52fc-4b37-9a3f-bdd1b4f91994,1719,RUTLEDGE ST
460830,,,RYDAL,ST,,,RYDAL ST,619248,20c69adc-5209-4bd4-a959-8f1baa9f979c,1720,RYDAL ST
460831,,,RYDBERG,TER,,,RYDBERG TER,751045,59ae791c-d2a3-4307-9947-d9173f8f6051,1721,RYDBERG TER
460832,,,SACHEM,AVE,,,SACHEM AVE,797366,4fb9e0a5-175b-448a-9db3-f794013a64c5,1722,SACHEM AVE
460833,,,SAGAMORE,RD,,,SAGAMORE RD,725278,b6ef62ba-ef36-4c8f-b7e1-1383a655da60,1723,SAGAMORE RD
460834,,,SALEM,ST,,,SALEM ST,747199,2cb252d0-3089-47a6-9c3c-5a2b73ad0d38,1725,SALEM ST
460835,,,SALFORD,ST,,,SALFORD ST,787162,44395848-ec39-4eaf-b975-a53d5e1028d4,1726,SALFORD ST
460836,,,SALISBURY,CRAG,,,SALISBURY CRAG,705255,2b54e695-acc4-4e45-8799-0811287af0ce,1727,SALISBURY CRAG
460837,,,SALISBURY,LN,,,SALISBURY LN,682285,8a41c83d-f3cb-48f9-b2fc-7b76cec6ec70,1728,SALISBURY LN
460838,,,SALISBURY,ST,,,SALISBURY ST,683289,b1c4a7c9-0910-466a-945d-a99b58553d86,1729,SALISBURY ST
460839,,,SAMOSET,RD,,,SAMOSET RD,803158,37ee7a9e-8ada-4e9e-b9c5-e6cd379d50e5,1730,SAMOSET RD
460840,,,SANDRA,DR,,,SANDRA DR,836101,9c5b968e-832f-4fc4-b8c4-2b0c30e9e692,1731,SANDRA DR
460841,,,SANDY BAR,DR,,,SANDY BAR DR,880173,418138c2-fa5f-4ef5-9d29-f43747fe5c8a,1732,SANDY BAR DR
460842,,,SANTORO,RD,,,SANTORO RD,798457,b5b6e53f-1bd9-4267-b5aa-7741fa7ec30d,1733,SANTORO RD
460843,,,SANTUIT,LN,,,SANTUIT LN,659296,16b8da34-0d2e-4c32-8b9e-975850b9bc8a,1734,SANTUIT LN
460844,,,SARAH,DR,,,SARAH DR,735075,a7c9ea8d-333a-4b3f-a7aa-55631f3fe09b,1735,SARAH DR
460845,,,CAROLINE,TER,,,CAROLINE TER,795181,1ee98ddb-6e4e-452f-be74-6479f7ededfd,356,CAROLINE TER
460846,,,CARPENTER,AVE,,,CARPENTER AVE,830348,720f2728-0d51-4787-a3f7-40c9614e5b17,357,CARPENTER AVE
460847,,,CARTER,RD,,,CARTER RD,628324,d7554511-3259-44e5-8868-6e4bce267e9f,359,CARTER RD
460848,,,CARVER,ST,,,CARVER ST,841244,5bb66f5b-2431-43ed-adb2-4c98aeb12e8a,361,CARVER ST
460849,,,CASCADE,RD,,,CASCADE RD,585279,b2e8d15a-3f43-4e38-95d6-c63305ec1300,362,CASCADE RD
460850,,,CASCO,ST,,,CASCO ST,796222,43510e4c-727a-4929-b6d4-3d0ceaa9eb9c,363,CASCO ST
460851,,,CASTINE,ST,,,CASTINE ST,769460,71f5f31c-4347-49c8-82fb-3bcea84e75da,365,CASTINE ST
460852,,,CASTLE,ST,,,CASTLE ST,715187,865a86ef-07d3-4468-86dd-abcc82a9c16e,366,CASTLE ST
460853,,,CONVERSE,ST,,,CONVERSE ST,764245,942cfb75-a93f-4c1e-85bb-1f66f70837ea,471,CONVERSE ST
460854,,,COOMBS,RD,,,COOMBS RD,685217,883b7788-6f1c-4a6e-87ff-281767665b9d,474,COOMBS RD
460855,,,COPLEY,RD,,,COPLEY RD,681219,c2acfc96-b2da-4bdd-9bcf-dbc3bdb81b28,476,COPLEY RD
460856,,,CORAL,ST,,,CORAL ST,772182,303870b3-8964-4e46-a0ff-d330fb746bd7,479,CORAL ST
460857,,,CORNELL,ST,,,CORNELL ST,669261,b344646e-0e5c-4c78-8b2a-ad511473f643,481,CORNELL ST
460858,,,CORRINE,ST,,,CORRINE ST,835158,c6bf2d18-4289-4fdf-84f7-405a2e0a6f3d,484,CORRINE ST
460859,,,COTUIT,ST,,,COTUIT ST,772453,cb6c73fc-2891-450d-83cf-f83c3e2b475a,486,COTUIT ST
460860,,,COVENTRY,RD,,,COVENTRY RD,783360,298c899e-ea38-4e19-a42e-c868436aa5a7,491,COVENTRY RD
460861,,,CRANSTON,ST,,,CRANSTON ST,696402,657c5011-32a4-41c4-93ae-2ebdebd94b74,494,CRANSTON ST
460862,,,CRERIE,AVE,,,CRERIE AVE,757335,de7a0ffc-c495-41f3-926e-4fff40fb6a60,496,CRERIE AVE
460863,,,CREST,CIR,,,CREST CIR,609134,10e1e30c-d044-4e38-a869-45b239ecf9c4,499,CREST CIR
460864,,,CRESTLAN,DR,,,CRESTLAN DR,920117,ddd5b588-fdf6-4308-b9a3-fa667ae37d35,501,CRESTLAN DR
460865,,,CRESWELL,RD,,,CRESWELL RD,671250,04a6348d-2b9f-4196-99ae-f4a4a885a6a2,504,CRESWELL RD
460866,,,CRILLON,RD,,,CRILLON RD,862284,e28bd7a5-5fc5-4f80-8489-31cf444b2277,506,CRILLON RD
460867,,,CROSS,ST,,,CROSS ST,781213,5a7ce092-613f-427e-ad9c-4620c88311c1,509,CROSS ST
460868,,,CUBA,RD,,,CUBA RD,599095,7463f39e-6916-4017-bf7e-cf574ef4b20e,514,CUBA RD
460869,,,CUMBERLAND,ST,,,CUMBERLAND ST,769464,673f459d-3a16-4f03-8b84-61d0c31e96d4,515,CUMBERLAND ST
460870,,,CURRAN,PL,,,CURRAN PL,768096,91b88b93-65f4-4509-9500-6b2f41750cab,516,CURRAN PL
460871,,,CUTLER,ST,,,CUTLER ST,784177,c63ca91c-3f52-402f-a812-c74070fff69f,519,CUTLER ST
460872,,,D,ST,,,D ST,730147,79557feb-1c55-4674-b275-c953b62618f9,521,D ST
460873,,,DALE,ST,,,DALE ST,721194,acc95a8a-d538-40e9-8172-2c0aad61260a,522,DALE ST
460874,,,DALTON,ST,,,DALTON ST,856145,d9b8e845-b912-435a-81ba-e2836d196585,524,DALTON ST
460875,,,DANA,AVE,,,DANA AVE,820174,52231d4d-37f8-469f-8860-535bd0f538bd,526,DANA AVE
460876,,,DANE,AVE,,,DANE AVE,801098,78f6281c-a459-46da-94ae-293ede036fbf,527,DANE AVE
460877,,,DANVERS,ST,,,DANVERS ST,878129,e04e9dbc-63a1-49f7-800f-7fc6dad1bf64,529,DANVERS ST
460878,,,DARBY,ST,,,DARBY ST,794344,c2fd6c0f-bae5-4d58-b0d8-f6eaddfe1b30,531,DARBY ST
460879,,,DARLING,ST,,,DARLING ST,799336,283f7cd5-4001-494d-89b2-776dd2c8207d,532,DARLING ST
460880,,,DARROW,ST,,,DARROW ST,782461,06594803-2d2b-4d15-915d-95c36ab82143,534,DARROW ST
460881,,,DARTMOUTH,ST,,,DARTMOUTH ST,805190,33d2fe18-bb77-4012-b76d-f7af05bcce34,535,DARTMOUTH ST
460882,,,DAVENPORT,ST,,,DAVENPORT ST,725101,efe01370-559a-4209-8aa5-b561bb862ef2,536,DAVENPORT ST
460883,,,DAVIDSON,RD,,,DAVIDSON RD,782324,f7edfcac-d63a-449f-a9e2-09b6fa3f7da2,537,DAVIDSON RD
460884,,,DAVIS,WAY,,,DAVIS WAY,888156,cd14f4b6-e5e1-4880-b6ac-ced63773f8c9,539,DAVIS WAY
460885,,,DAYTON,PL,,,DAYTON PL,724230,4298d3cf-fb45-43e0-b6e5-490050295c7d,541,DAYTON PL
460886,,,DAYTON,ST,,,DAYTON ST,722231,9d3a6407-4804-45a6-9ac0-436f45d5211c,542,DAYTON ST
460887,,,DEARBORN,ST,,,DEARBORN ST,797151,90cf1da6-642e-4ad8-8789-e29b86e16687,544,DEARBORN ST
460888,,,DECATUR,ST,,,DECATUR ST,697189,ddf81c4e-2dfa-4262-b5ef-5a6bb5051554,546,DECATUR ST
460889,,,DEDHAM,PL,,,DEDHAM PL,777106,32c99f30-6beb-45ef-b8c9-3858c83c5c37,547,DEDHAM PL
460890,,,ARROW,ST,,,ARROW ST,816210,89107cd6-5b66-4638-8a02-bbcee390a96d,94,ARROW ST
460891,,,ARROWSIC,ST,,,ARROWSIC ST,762469,5f5bbba2-f60d-4fe2-879e-17fb1a98b8d8,95,ARROWSIC ST
460892,,,ARTHUR,ST,,,ARTHUR ST,791173,fef6b6eb-175d-4810-b5d0-3acdade628a0,96,ARTHUR ST
460893,,,ARWICK,AVE,,,ARWICK AVE,742154,4e53c885-89f5-45ca-90b8-59cdf2944526,97,ARWICK AVE
460894,,,ASBURY,RD,,,ASBURY RD,640246,99988b58-a3a6-4db4-bf1c-3df6d64406c8,98,ASBURY RD
460895,,,ASCADILLA,RD,,,ASCADILLA RD,782395,06577921-4c61-4904-8c81-d319de8e22cd,99,ASCADILLA RD
460896,,,ASCENSION,ST,,,ASCENSION ST,799212,8cfa5069-0953-48d7-8430-87b8b7275e79,100,ASCENSION ST
460897,,,TAINTER,ST,,,TAINTER ST,709163,c4e9c175-328c-4d1c-978e-8857d5ac195d,1895,TAINTER ST
460898,,,TAJ,DR,,,TAJ DR,655373,dcfdc7b0-2358-47cb-adfd-8a3ce5cdc751,1896,TAJ DR
460899,,,TALLAWANDA,DR,,,TALLAWANDA DR,618145,8c46b524-caca-4744-80db-26b451a4b82a,1897,TALLAWANDA DR
460900,,,TAMAR,AVE,,,TAMAR AVE,850104,4134758c-43f4-4f37-86ae-a0fd0f6f5485,1898,TAMAR AVE
460901,,,MCKINLEY,RD,,,MCKINLEY RD,777283,903d7332-1f18-474d-9819-a8beef80028f,1294,MCKINLEY RD
460902,,,MEADE,ST,,,MEADE ST,745175,87a3da1c-e5bf-4868-ba32-72b134376fbb,1296,MEADE ST
460903,,,MEADOW,LN,,,MEADOW LN,557270,f28046d9-71d3-43c5-a5f6-95c4f3b09cd3,1297,MEADOW LN
460904,,,MECHANIC,ST,,,MECHANIC ST,746213,3f94fe8f-4b65-4793-8763-11c50a634ca2,1299,MECHANIC ST
460905,,,MEDFIELD,ST,,,MEDFIELD ST,751450,c27252ca-cd38-4863-bf7b-f713a4992ae8,1300,MEDFIELD ST
460906,,,MELBOURNE,ST,,,MELBOURNE ST,756041,591f5b70-32d0-4cd7-9cb2-fd96f523038f,1301,MELBOURNE RD
460907,,,MELLOR,AVE,,,MELLOR AVE,766356,388292d5-0924-4335-8896-3ed035ce10ce,1302,MELLOR AVE
460908,,,MELROSE,ST,,,MELROSE ST,782308,4242ebb5-b05b-411a-aaba-2ffeb8a96507,1303,MELROSE ST
460909,,,MELVILLE,ST,,,MELVILLE ST,772298,a56940d0-1435-480a-a39b-8ed5579c35fa,1304,MELVILLE ST
460910,,,MEOLA,AVE,,,MEOLA AVE,774475,22f05d88-2244-40ac-97c5-24a41b466b73,1306,MEOLA AVE
460911,,,MERCHANT,ST,,,MERCHANT ST,596130,f0ea0634-2239-446b-aa32-1d6d74716eff,1307,MERCHANT ST
460912,,,MERIDALE,RD,,,MERIDALE RD,575127,0ae75da7-b9bd-4212-823e-e8e68971e856,1309,MERRIDALE ST
460913,,,MERLIN,CT,,,MERLIN CT,625281,1f634515-74f2-4b92-9500-bae2f4dfaf99,1310,MERLIN CT
460914,,,MERRICK,ST,,,MERRICK ST,713214,bb700346-6817-4f69-aea4-1ec8fb8c3bce,1311,MERRICK ST
460915,,,MERRIFIELD,ST,,,MERRIFIELD ST,779235,50ada7ca-ee61-45c2-8ba8-fd8cf8a5f895,1312,MERRIFIELD ST
460916,,,MERRILL,RD,,,MERRILL RD,733328,fab4cdbc-ad17-4ab8-9bd5-519a25aebfaa,1313,MERRILL RD
460917,,,MERRIWETHER,RD,,,MERRIWETHER RD,620192,6eb9b1cf-92eb-4e13-bb6d-c81a29b506b3,1314,MERRIWEATHER RD
460918,,,METCALF,ST,,,METCALF ST,711269,6f2d069b-327a-45f3-b124-6272a01d271f,1317,METCALF ST
460919,,,MICHIGAN,RD,,,MICHIGAN RD,780408,32044934-cc0c-4a8c-88db-8949e949b629,1319,MICHIGAN RD
460920,,,RICHARDSON,TER,,,RICHARDSON TER,673240,0e11bb5b-068a-4f5f-b126-e26eb50c8a1c,1654,RICHARDSON TER
460921,,,RICHLAND,ST,,,RICHLAND ST,756167,1156a916-14c1-4fae-ad3f-f22ed391bbe9,1655,RICHLAND ST
460922,,,RICHMOND,AVE,,,RICHMOND AVE,663268,9aee77e8-5c72-475b-94c9-950952f598be,1656,RICHMOND AVE
460923,,,RIDGE,ST,,,RIDGE ST,796197,999b12c5-a174-4dcb-a904-5c9355db10da,1657,RIDGE ST
460924,,,RIDGEWOOD,RD,,,RIDGEWOOD RD,719408,25680507-8605-4d6a-8809-89c62397b4ea,1658,RIDGEWOOD RD
460925,,,RIDGLEY,ST,,,RIDGLEY ST,754347,6d8f54bc-9599-49fd-acdd-ac7b0f19fd1a,1659,RIDGLEY ST
460926,,,RIEDL,PL,,,RIEDL PL,704214,1b09581f-3c9a-41ee-be39-ef87c4bc9216,1660,RIEDL PL
460927,,,RILEY,ST,,,RILEY ST,731149,dbce796b-6f4c-443b-98c4-bee1cedea43e,1661,RILEY ST
460928,,,RIPLEY,PL,,,RIPLEY PL,710170,40ce261c-120b-40dc-a747-c9753d1177fe,1662,RIPLEY PL
460929,,,RIPLEY,ST,,,RIPLEY ST,708170,e5329b55-d1dc-4600-b177-5ee93d2d5881,1663,RIPLEY ST
460930,,,RISSO,CT,,,RISSO CT,784219,87e0f280-1991-4b04-9f32-03b6c3563c41,1664,RISSO CT
460931,,,RITTENHOUSE,RD,,,RITTENHOUSE RD,653272,07e78307-1ae6-4b7d-be99-c05a916aff97,1665,RITTENHOUSE RD
460932,,,RIVERSIDE,ST,,,RIVERSIDE ST,721135,e79c73d1-8bd1-4d7b-b4e1-7c7b674dc0eb,1666,RIVERSIDE ST
460933,,,ROALD,ST,,,ROALD ST,726309,670f9817-4fd7-4bb6-bda1-26410e719f37,1667,ROALD ST
460934,,,ROATH,ST,,,ROATH ST,827175,16355c68-582a-4293-934f-b3658f2984d9,1668,ROATH ST
460935,,,ROB ROY,RD,,,ROB ROY RD,656229,6932c483-8265-4e8c-8ffa-bcf515f97a13,1669,ROB ROY RD
460936,,,ROBERT,ST,,,ROBERT ST,849183,91325e01-b8e7-42a7-a9fe-e49d9b4f7bb9,1670,ROBERT ST
460937,,,ROBERTSON,RD,,,ROBERTSON RD,577263,7c73c92b-b074-43ce-bceb-7b1debe4a9b0,1671,ROBERTSON RD
460938,,,ROBIN,RD,,,ROBIN RD,808201,5cd841cf-49d6-4b83-a11e-6381c17ec50f,1672,ROBIN RD
460939,,,ROCHELLE,ST,,,ROCHELLE ST,698404,60082226-a53c-4317-bda1-2c0ac927be09,1673,ROCHELLE ST
460940,,,ROCK,AVE,,,ROCK AVE,770300,91c95c87-8940-4e68-a350-0acbce759786,1674,ROCK AVE
460941,,,ROCKDALE,ST,,,ROCKDALE ST,752387,aaee9767-6709-4fc6-906a-12cd812c489f,1675,ROCKDALE ST
460942,,,ROCKINGHAM,PL,,,ROCKINGHAM PL,828141,dc395717-d54b-43c2-857c-2d5f961a219d,1676,ROCKINGHAM PL
460943,,,ROCKPORT,RD,,,ROCKPORT RD,778290,f610fa4c-056d-47d4-84fd-6eb7b401a2f9,1678,ROCKPORT RD
460944,,,ROCKRIMMON,RD,,,ROCKRIMMON RD,564267,97beccc5-28b4-4bcf-a927-58c45e7654a0,1679,ROCKRIMMON RD
460945,,,ROCKRIMMON,WAY,,,ROCKRIMMON WAY,567264,7b6d7a5f-f435-498a-9d00-afdf69ab012f,1680,ROCKRIMMON WAY
460946,,,ROCKWELL,ST,,,ROCKWELL ST,656088,f811966e-2233-4bb1-9651-156cb2b509b1,1681,ROCKWELL ST
460947,,,ROCKWOOD,AVE,,,ROCKWOOD AVE,557277,72fd0915-4876-457b-b667-9c8ae7320594,1682,ROCKWOOD AVE
460948,,,RODBY,ST,,,RODBY ST,728397,34393d74-5fb7-4e48-a496-c3423f91f561,1683,RODBY ST
460949,,,RODNEY,ST,,,RODNEY ST,785253,f35d6978-072a-4d21-96f3-cda20bcd1640,1684,RODNEY ST
460950,,,ROGERS,DR,,,ROGERS DR,879177,b3b35785-3c46-47b4-83a1-1789cf465ef7,1685,ROGERS DR
460951,,,DRACUT,ST,,,DRACUT ST,588132,d91826d9-6a52-4146-a4f0-f39109dc3ca1,601,DRACUT ST
460952,,,DRAPER,ST,,,DRAPER ST,815237,9691b8f9-2325-4584-97c2-a6de2f7e3327,602,DRAPER ST
460953,,,DRUMMOND,AVE,,,DRUMMOND AVE,696361,828d1a97-4698-460f-ae90-368cb5c865c2,604,DRUMMOND AVE
460954,,,DRURY,LN,,,DRURY LN,714263,078db159-885d-4cc7-9c39-b5fd2bced34d,605,DRURY LN
460955,,,DRYDEN,ST,,,DRYDEN ST,740286,d33294d6-75d2-4a17-bf95-aa214ab9f9fa,606,DRYDEN ST
460956,,,DRYFIELD,ST,,,DRYFIELD ST,684092,db507c2b-087b-4b1a-acdc-43843aedbfe1,607,DRYFIELD ST
460957,,,DUBIEL,DR,,,DUBIEL DR,651349,492eb7bd-416f-4dad-ae21-62a40af3d0c6,608,DUBIEL DR
460958,,,DUDLEY,PL,,,DUDLEY PL,715196,6f13da83-111b-40f5-a448-56a4b459906d,609,DUDLEY PL
460959,,,DULUTH,ST,,,DULUTH ST,879127,eb7ce978-8406-4d24-a2ec-b49c73d7bc62,610,DULUTH ST
460960,,,DUNBAR,ST,,,DUNBAR ST,629102,03bbe74f-ea40-4094-9251-d6b890a317da,611,DUNBAR ST
460961,,,DUNCAN,AVE,,,DUNCAN AVE,671139,1cfa0235-9e54-4e40-86f3-86fe5ffcf5b2,612,DUNCAN AVE
460962,,,DUNCAN,PL,,,DUNCAN PL,672138,716e0750-9613-4137-8189-171871870611,613,DUNCAN PL
460963,,,DUNDEE,CT,,,DUNDEE CT,768405,09ee4a38-a8fb-4495-a7c6-20344c72c5f3,614,DUNDEE CT
460964,,,DUNKIRK,AVE,,,DUNKIRK AVE,811141,d1120078-01ac-4805-8b5b-e59dc7edae3a,615,DUNKIRK AVE
460965,,,DUPONT,ST,,,DUPONT ST,793187,f4bb804a-8635-415c-bfa0-514c04447611,616,DUPONT ST
460966,,,DUPUIS,AVE,,,DUPUIS AVE,832116,2d8ba5ed-3a42-4523-bb1a-4c674fd2a1e0,617,DUPUIS AVE
460967,,,DURANT,WAY,,,DURANT WAY,653222,d9bc13fe-2dfc-461d-b100-eef8c8c8333f,618,DURANT WAY
460968,,,DUSTIN,ST,,,DUSTIN ST,849244,97e239de-a982-477e-b90c-e31e28006081,619,DUSTIN ST
460969,,,DUTTON,ST,,,DUTTON ST,724103,b547bc8c-5c82-41f3-bb8c-2440b3c0d908,620,DUTTON ST
460970,,,DUXBURY,RD,,,DUXBURY RD,777288,99ed3e78-5ff3-4f86-a616-e93fac69b823,621,DUXBURY RD
460971,,,DYBECK,ST,,,DYBECK ST,749090,2ba0e1f9-ef04-452e-923e-0c5b458c7a1d,622,DYBECK ST
460972,,,EAGLE,RD,,,EAGLE RD,703313,a66510ba-f24d-4f90-a193-c3c69e1d0f47,623,EAGLE RD
460973,,,EAMES,AVE,,,EAMES AVE,614083,6ad71c78-966c-496c-97b2-abac85b4bff2,624,EAMES AVE
460974,,,EAMES,RD,,,EAMES RD,753399,b75065b5-17e4-434d-9e35-8e0050337a8e,625,EAMES RD
460975,,,EARLE,ST,,,EARLE ST,772239,b1222adc-a407-457e-bfe5-4d81a27df990,626,EARLE ST
460976,,,EARLE,TER,,,EARLE TER,772240,85f7f19a-4341-4f2a-973a-d05610e5ee94,627,EARLE TER
460977,,,EAST PARK,TER,,,EAST PARK TER,790227,ce81bae3-97f9-488b-b48f-329f5a1bc12f,628,E PARK TER
460978,,,EAST WORCESTER,ST,,,EAST WORCESTER ST,780211,da997b15-407a-47a7-ba87-ab2f480a13b4,629,E WORCESTER ST
460979,,,EASTERN,AVE,,,EASTERN AVE,777240,4a4fdc34-7182-4a2b-beab-ab1dd73a9961,630,EASTERN AVE
460980,,,EASTHAM,ST,,,EASTHAM ST,837194,dce53968-cf56-4007-a058-16f287ac6990,631,EASTHAM ST
460981,,,EBENEZER,ST,,,EBENEZER ST,823208,6d1476e9-f71f-4f33-b789-93fff64a2566,633,EBENEZER ST
460982,,,ECHO,ST,,,ECHO ST,835117,4e97d58f-39b3-4db4-9f0e-2d6a290beb54,634,ECHO ST
460983,,,EDEN,ST,,,EDEN ST,744224,48e00ed8-2c2f-4566-bbbd-1cb62cdae210,635,EDEN ST
460984,,,EDGEWOOD,ST,,,EDGEWOOD ST,666217,fc025b31-9165-47c2-8637-03599267d412,636,EDGEWOOD ST
460985,,,EDGEWORTH,ST,,,EDGEWORTH ST,744285,9bb1bcc7-1d81-4b46-a342-52cd96be1735,637,EDGEWORTH ST
460986,,,EDISON,ST,,,EDISON ST,810153,df821a22-5bb2-40c4-a423-db937a526299,638,EDISON ST
460987,,,EDLIN,ST,,,EDLIN ST,641092,f624d2b1-2ecd-49b3-b7c0-c7b1a9d6f0bb,639,EDLIN ST
460988,,,EDMONS,ST,,,EDMONS ST,673346,f38439e6-b1e1-4b97-b5a3-279382bae529,640,EDMONS ST
460989,,,EDWARD,ST,,,EDWARD ST,770236,b0ff79b9-cb5e-4c26-bd92-732a071f2905,641,EDWARD ST
460990,,,EDWIDGE,ST,,,EDWIDGE ST,553277,7f870251-7044-4ecc-ac99-7c875f687349,642,EDWIDGE ST
460991,,,EGAN,AVE,,,EGAN AVE,861107,2e901139-35f6-4d23-9d65-d565eb10420d,643,EGAN AVE
460992,,,EINHORN,RD,,,EINHORN RD,718242,59bbf3c0-e60c-42a5-9db9-2d2d311688bc,644,EINHORN RD
460993,,,EK,CT,,,EK CT,900138,c0fa6225-d097-495f-9625-8bde5159c00c,645,EK CT
460994,,,EKMAN,ST,,,EKMAN ST,761093,a91edf58-833d-4892-94ac-7cba747696c5,646,EKMAN ST
460995,,,EL CANEY,RD,,,EL CANEY RD,596094,3faa05ef-62ab-443d-a4d5-ed0a8848f2c4,647,EL CANEY RD
460996,,,ELBRIDGE,ST,,,ELBRIDGE ST,730241,56380fdf-2473-49b3-99b8-2bc264929a42,648,ELBRIDGE ST
460997,,,ELEANOR,DR,,,ELEANOR DR,676379,a6e61fc8-3c5d-4ff9-93d2-af61a8ec147d,649,ELEANOR DR
460998,,,ELECTRIC,ST,,,ELECTRIC ST,725100,199a4f8c-d042-4007-b43f-8606e9cb36f2,650,ELECTRIC ST
460999,,,ELIZABETH,ST,,,ELIZABETH ST,774239,4133e383-8e4a-47a7-9655-5f4af125acf3,651,ELIZABETH ST
461000,,,ELLEN,ST,,,ELLEN ST,872127,c2ed3e9c-9e00-42a4-befe-842b2a8d0e9b,652,ELLEN ST
461001,,,ELLESTUEN,RD,,,ELLESTUEN RD,724313,7eb4486f-647e-4c40-a60c-b93449135a38,653,ELLESTUEN RD
461002,,,ELLIOTT,ST,,,ELLIOTT ST,785233,c2bfc7e7-a7e8-451a-af03-f6026befe9cb,655,ELLIOT ST
461003,,,ELLIS,DR,,,ELLIS DR,680278,90f5222e-33c0-4111-b4da-a7b1a8cfd745,656,ELLIS DR
461004,,,ELLSMERE,ST,,,ELLSMERE ST,805242,78f69b62-8f19-4de5-9dda-6bd0c6ecf39e,657,ELLSMERE ST
461005,,,ELLSWORTH,ST,,,ELLSWORTH ST,742170,5cf6d668-b94b-481d-8117-06a6c7c66e6b,658,ELLSWORTH ST
461006,,,ELM,ST,,,ELM ST,722219,c1165035-35e4-46a4-95ab-f394d46ba921,659,ELM ST
461007,,,ELMAN,RD,,,ELMAN RD,673365,c367ae34-903d-4e0c-960a-1a9161daf561,660,ELMAN RD
461008,,,CIRCUIT,AVE,EAST,,CIRCUIT AVE EAST,651179,03ef3c2a-671f-4438-9567-493934563559,417,CIRCUIT AVE E
461009,,,QUINSIGAMOND,PL,,,QUINSIGAMOND PL,768091,33e113d6-da8a-4389-b8eb-5d68003028a5,1620,QUINSIGAMOND PL
461010,,,VETERANS,AVE,,,VETERANS AVE,659166,ff1a8e6b-b7c5-4372-b08f-5a8c8edf9560,1996,VETERANS AVE
461011,,,VICTOR,AVE,,,VICTOR AVE,609115,ce9eea89-001d-4773-828e-bb1faacd0777,1997,VICTOR AVE
461012,,,SARATOGA,DR,,,SARATOGA DR,688401,54703a3a-aad8-45a7-bb86-78a47427e1de,1736,SARATOGA DR
461013,,,SARGENT,CT,,,SARGENT CT,721171,7b3d7bcc-8494-4e5c-b580-c86cb06fe980,1737,SARGENT CT
461014,,,SARGENT,ST,,,SARGENT ST,733176,ddd8ec0a-31b9-48b2-8d57-69f1b3c92244,1738,SARGENT ST
461015,,,SAUGUS,PL,,,SAUGUS PL,679138,b1bdc39f-46b8-4f79-9830-5a11d0353b96,1739,SAUGUS PL
461016,,,AIRDALE,RD,,,AIRDALE RD,782129,f0e40139-ece2-4d80-8878-16261d497bc5,2605,AIRDALE RD
461017,,,CLYDE,RD,,,CLYDE RD,768409,3f0c4b9e-c821-42ba-8634-a0a6a9b9ed7d,44705,CLYDE RD
461018,,,DODGE PARK,RD,,,DODGE PARK RD,759336,e486c9ba-5c1a-4a64-bb25-8196544733ee,5835,DODGE PARK RD
461019,,,ODD FELLOWS,AVE,,,ODD FELLOWS AVE,762345,5d5d27e8-36f6-48d3-8522-e0c4cbf30926,14605,ODD FELLOWS AVE
461020,,,TAFT,ST,,,TAFT ST,696137,9e81572c-e43d-4a19-af72-d7cdbc56e2a8,18925,TAFT ST
461021,,,TASHOTA,RD,,,TASHOTA RD,575280,dcb48f56-31f0-4555-9e99-81400730f262,19015,TASHOTA RD
461022,,,BATCHELOR,CT,,,BATCHELOR CT,751060,cc3341f2-caef-4756-b679-43ef77d7c180,,BATCHELOR CT
461023,,,BOOK,PL,,,BOOK PL,723096,e5d98adc-f0b0-483c-8b92-1b188c380205,,BOOK PL
461024,,,BROOKVALE,LN,,,BROOKVALE LN,610306,1bd9bfc4-f913-4b82-84a8-3b81fdde2e3e,,BROOKVALE LN
461026,,,CRAGIE,ST,,,CRAGIE ST,832115,9b2eb684-092d-4b77-961b-7529797fe816,,CRAGIE ST
461027,,,CREST,ST,,,CREST ST,814194,0e5b52bf-d961-40ee-8415-f5defe9bff37,,CREST ST
461028,,,EDGEHILL,ST,,,EDGEHILL ST,701098,5d17eefa-af49-4c5f-afa7-3ec4b6018d8c,,EDGEHILL ST
461029,,,GUSTAVUS,AVE,,,GUSTAVUS AVE,798076,1b350737-65e0-4328-9541-b85c102f4f5b,,GUSTAVUS AVE
461031,,,MEREDITH,RD,,,MEREDITH RD,729312,4251dfcb-b007-4226-b7a1-a4b80399a05f,,MEREDITH RD
461032,,,MILTON,PL,,,MILTON PL,738280,496e38e9-a631-4157-bd79-393b1e341415,,MILTON PL
461035,,,NAN,ST,,,NAN ST,870117,c3288476-58c0-42b3-a851-f552c1f96131,,NAN ST
461036,,,NEWHOPE,WAY,,,NEWHOPE WAY,716194,1d59d35a-606d-43de-807c-43a768e8c640,,NEWHOPE WAY
461037,,,NEWLAND,ST,,,NEWLAND ST,711093,ef029230-cb66-4b63-a767-9890e488fc86,,NEWLAND ST
461038,,,OLAF,ST,,,OLAF ST,815087,0c8c9d41-cf78-4051-a492-3b46097633b5,,OLAF ST
461039,,,ORIOLE,ST,,,ORIOLE ST,675341,51dfb34b-0f0e-45cb-9628-9a60b672d07c,,ORIOLE ST
461040,,,OSCAR,ST,,,OSCAR ST,746097,c677efd7-d4af-4bcb-abdb-16bfe793e0ec,,OSCAR ST
461041,,,OVERLOOK,RD,,,OVERLOOK RD,701420,b8973d0a-ddee-456c-8e41-a0e67fcb7640,,OVERLOOK RD
461042,,,PERU,ST,,,PERU ST,748098,284e74c9-bd0c-4e7e-9d5a-cfd628879cf0,,PERU ST
461043,,,ROBIN HOOD,RD,,,ROBIN HOOD RD,553267,fdeeb104-e4c4-407b-a7ac-c6bf89b3d73f,,ROBIN HOOD RD
461044,,,ROSLYN,RD,,,ROSLYN RD,860282,50fe95a3-ffc4-4750-936d-b8b885a2ef03,,ROSLYN RD
461045,,,SHELDON,ST,,,SHELDON ST,708098,e8fd9a07-ef43-4ade-89ac-414511353219,,SHELDON ST
461046,,,SPRING,LN,,,SPRING LN,605157,4a66431f-1ed0-42bd-9df4-a105bc682339,,SPRING LN
461047,,,SPRING,RD,,,SPRING RD,603157,a2e4d021-f2ed-414f-a82a-e0f6d9c53f11,,SPRING RD
461048,,,WHITEHALL,AVE,,,WHITEHALL AVE,815194,c06266a1-23f9-4e29-a8bc-3896d1ae0e99,,WHITEHALL AVE
461049,,,STONE HAVEN,RD,,,STONE HAVEN RD,562264,1ba3969d-b626-4643-b51e-34b407634e0c,18475,STONE HAVEN RD
461050,,,JOSEPH P. CARLSON,WAY,,,JOSEPH P. CARLSON WAY,842356,cdf53be0-cadf-4c92-a31c-806f8962be8c,,JOSEPH P. CARLSON WAY
461051,,,ST. JOHN'S,RD,,,ST. JOHN'S RD,687134,5f4c8b55-6c23-4a34-b2aa-68d07469c535,1824,SAINT JOHNS RD
461052,,,KELLEHER,ST,,,KELLEHER ST,849156,26f7fff8-d1e1-47e3-9676-b2fd388a8751,,KELLEHER ST
461053,,,BEAMAN,AVE,,,BEAMAN AVE,753396,d27a0834-fd68-4f75-9f19-4a14635a4fb7,178,BEAMON AVE
461054,,,GRATON & KNIGHT,WAY,,,GRATON & KNIGHT WAY,777190,82c6c0be-eacd-4070-85dc-912cc0d39a70,,GRATON & KNIGHT WAY
461055,,,ST. ELMO,RD,,,ST. ELMO RD,663242,01488ab9-d1d7-44d9-9f47-3f1b48713122,1823,SAINT ELMO RD
461056,,,BLACKTHORNE,DR,,,BLACKTHORNE DR,650357,a03eb761-2973-48b1-9798-c83c8543ca68,234,BLACKTHORN DR
461057,,,CRICKETT,LN,,,CRICKETT LN,682261,5b05bd2e-67c1-4d6a-883d-a001c16a18fa,505,CRICKET LN
461058,,,EMMET,CT,,,EMMET CT,707141,a301d638-a039-4fb4-9a2a-b3c680108033,672,EMMETT CT
461059,,,ST. ANTHONY,ST,,,ST. ANTHONY ST,794073,d81e1172-0827-49e9-ae2b-85915c210a4f,1822,SAINT ANTHONY ST
461060,,,ERNEST S. JOHNSON,UP,,,ERNEST S. JOHNSON UP,751241,89911129-2986-429d-9b68-bde744f1a94e,683,ERNEST S. JOHNSON UP
461061,,,GIUSTO,ST,,,GIUSTO ST,882123,c677874b-5399-4764-8d22-22995b03c679,877,GUISTO ST
461062,,,FAY,ST,,,FAY ST,782187,8cb6d28c-3bac-4f46-bec4-831ff11a8219,726,FAY ST
461063,,,FEDERAL,PL,,,FEDERAL PL,694216,4a1f4ee2-81a7-4b64-a0b8-66bef1799720,727,FEDERAL PL
461064,,,FEDERAL,ST,,,FEDERAL ST,742203,ffd08db0-8b28-4641-8b3f-f933b1123f39,728,FEDERAL ST
461065,,,FENIMORE,RD,,,FENIMORE RD,714283,306757fc-067e-41e7-bd06-42428bda94a5,730,FENIMORE RD
461066,,,FENWICK,ST,,,FENWICK ST,661274,ff41ff92-9141-4658-9132-a0e4f3f5a6d4,731,FENWICK ST
461067,,,FENWOOD,RD,,,FENWOOD RD,832144,4e06d2cf-da09-456c-8feb-0c72e4f37ac5,732,FENWOOD RD
461068,,,FERDINAND,ST,,,FERDINAND ST,657177,c6ed1764-8824-4496-8ad5-c1dc0dca20bb,733,FERDINAND ST
461069,,,FERN,ST,,,FERN ST,672177,d87beb4c-cf48-4d06-a8bf-9feb5395d925,734,FERN ST
461070,,,FERNSIDE,RD,,,FERNSIDE RD,590279,4afcb437-af95-4e0a-8135-d1a204fcc265,735,FERNSIDE RD
461071,,,CIRCUIT,AVE,NORTH,,CIRCUIT AVE NORTH,645185,67120a56-f67c-40d0-8e4c-062d16e94546,418,CIRCUIT AVE N
461072,,,CIRCUIT,AVE,SOUTH,,CIRCUIT AVE SOUTH,652170,1dc4d549-4a49-48ab-993b-21e435c830e1,419,CIRCUIT AVE S
461073,,,CIRCUIT,AVE,WEST,,CIRCUIT AVE WEST,646176,47114603-60c2-48a0-b8f8-3347cb04fa5f,420,CIRCUIT AVE W
461074,,,CITY VIEW,ST,,,CITY VIEW ST,723111,6a48217b-8375-4166-87fd-2384bde2e264,421,CITY VIEW ST
461075,,,CLAFFEY,AVE,,,CLAFFEY AVE,767367,ec1c6363-e13d-4cd5-b92d-53c2196e579e,422,CLAFFEY AVE
461076,,,CLAPP,ST,,,CLAPP ST,728149,b5bf70e2-32ce-4ead-840b-325f5638430c,423,CLAPP ST
461077,,,CLARA,ST,,,CLARA ST,769416,ace7ee38-5c01-44e4-8121-6b02d353057f,424,CLARA ST
461078,,,CLAREMONT,SQ,,,CLAREMONT SQ,702177,92962f3b-d410-4322-ac77-46eb5e90ed58,425,CLAREMONT SQ
461079,,,CLAREMONT,ST,,,CLAREMONT ST,702178,602d95ae-3b9a-4355-bf5c-28fa128713b1,426,CLAREMONT ST
461080,,,CLARENCE,ST,,,CLARENCE ST,725300,d03110ad-1b4b-48f0-a573-65e2b1dad9ed,427,CLARENCE ST
461081,,,CLARENDON,ST,,,CLARENDON ST,806196,e5825c97-925b-4d2a-a197-562d96bd9ba7,428,CLARENDON ST
461082,,,CLARIDGE,DR,,,CLARIDGE DR,640234,de6c65e4-1319-4b7a-a00b-d4c6c4d846d8,429,CLARIDGE DR
461083,,,CLARIDGE,RD,,,CLARIDGE RD,721406,d6512d0f-3fc4-471c-a3f1-10f787b8bf29,430,CLARIDGE RD
461084,,,CLARISSA,ST,,,CLARISSA ST,880118,776154fb-7ea7-4817-b6f9-adc7280fd967,431,CLARISSA ST
461085,,,CLARK,ST,,,CLARK ST,800384,275b20e2-5fdc-445f-853b-6df73222327f,432,CLARK ST
461086,,,CLARKSON,ST,,,CLARKSON ST,774182,6ed73330-45ff-4f46-bcfe-fd0b3e23ab00,433,CLARKSON ST
461087,,,CLASON,RD,,,CLASON RD,734337,468119fd-e8dd-4c45-aa1d-0cb3d1a9be7f,434,CLASON RD
461088,,,CLAY,ST,,,CLAY ST,711108,2db3871b-9e7f-43b3-a316-b3410e2eaaa8,435,CLAY ST
461089,,,CLEARVIEW,AVE,,,CLEARVIEW AVE,769323,34924bf4-0d08-45c0-9e23-26d7445a23b2,436,CLEARVIEW AVE
461090,,,CLEGG,ST,,,CLEGG ST,581131,ffa0d2d2-7d53-476d-8f3a-3eed6e988ac7,437,CLEGG ST
461091,,,CLEMENT,ST,,,CLEMENT ST,677159,34757ed9-99bb-4654-a8c2-14d563633fdd,438,CLEMENT ST
461092,,,CLEVELAND,AVE,,,CLEVELAND AVE,625130,2b6c9e47-f8d8-4d67-b86c-83839dd59142,439,CLEVELAND AVE
461093,,,CLIFF,ST,,,CLIFF ST,796053,2d2e19df-36bc-4d79-970c-93dd9734737a,440,CLIFF ST
461094,,,CLIFTON,ST,,,CLIFTON ST,692179,a84f189e-e00c-45ca-84cc-b368c74665fc,441,CLIFTON ST
461095,,,CLIFTON,TER,,,CLIFTON TER,691176,be126559-3385-4466-a51e-2e60f872a4d7,442,CLIFTON TER
461096,,,CLINTON,CT,,,CLINTON CT,735210,f3d79eda-93fe-4a74-a2f7-5869fc2b44d6,443,CLINTON CT
461097,,,CLINTON,ST,,,CLINTON ST,734211,dae1ef52-85dd-4ed6-a903-5c68a3422833,444,CLINTON ST
461098,,,CLIVE,ST,,,CLIVE ST,656185,714984bf-478e-46bf-83d2-2c3e549fe2b1,445,CLIVE ST
461099,,,CLIVEDEN,ST,,,CLIVEDEN ST,788463,f9ed06f0-b5d0-4be8-8e7d-11ab06d002c6,446,CLIVEDEN ST
461100,,,CLOVER,ST,,,CLOVER ST,630087,f36b0873-7901-48fe-ad72-a86c8f52394b,447,CLOVER ST
461101,,,COBBLESTONE,LN,,,COBBLESTONE LN,808400,fb69e801-2426-4b9f-bb01-5e411440658d,448,COBBLESTONE LN
461102,,,COES,SQ,,,COES SQ,663161,9a5a22c6-5450-4286-b3f6-32773a4d2a9c,450,COES SQ
461103,,,COES,ST,,,COES ST,655161,85140104-4bfd-4327-8586-5dd90fcfa9b5,451,COES ST
461104,,,COHASSET,ST,,,COHASSET ST,817179,1d360c99-4394-4747-9e00-ccc9486c1398,452,COHASSET ST
461105,,,COLBY,AVE,,,COLBY AVE,815304,c51774aa-88c0-4e5d-9218-f641bfbd026d,453,COLBY AVE
461106,,,COLLEGE,ST,,,COLLEGE ST,719109,c343c5b7-3625-44ea-941f-671bcdeb4ef2,454,COLLEGE ST
461107,,,COLLINS,ST,,,COLLINS ST,774424,092635cc-c497-44c0-9f16-6c904124634b,455,COLLINS ST
461108,,,COLONIAL,RD,,,COLONIAL RD,654238,146c68a8-6555-4a78-bb92-799ecb81a521,456,COLONIAL RD
461109,,,COLRAIN,ST,,,COLRAIN ST,617125,871d8d2f-608c-4fe2-bc99-fba0b7d4e053,457,COLRAIN ST
461110,,,COLTON,ST,,,COLTON ST,725146,cc4018fe-0926-44f8-8422-9daebe97871b,458,COLTON ST
461111,,,COLUMBIA,ST,,,COLUMBIA ST,759182,bc6fd001-05d9-4c22-bcce-152f4df8b7ae,459,COLUMBIA ST
461112,,,COLUMBINE,RD,,,COLUMBINE RD,631271,607e7d37-522f-4b13-bc33-49c4ae6fda74,460,COLUMBINE RD
461113,,,COLUMBUS,ST,,,COLUMBUS ST,658174,22a938bf-ce0e-4b1d-9a08-68d6494e3904,461,COLUMBUS ST
461114,,,COMMERCIAL,ST,,,COMMERCIAL ST,751218,30190a82-8bb6-41ea-83ad-d710bc7e83d3,462,COMMERCIAL ST
461115,,,COMMODORE,RD,,,COMMODORE RD,678221,eddcd4e0-ad27-471a-aa56-c94bee3ef2fb,463,COMMODORE RD
461116,,,COMMONWEALTH,AVE,,,COMMONWEALTH AVE,849179,ca1bcfca-1d9d-4e79-af64-6af3d78bddeb,464,COMMONWEALTH AVE
461117,,,CONCORD,ST,,,CONCORD ST,754247,d4d38a8f-fb0c-4bd5-91d2-2bbb71e9b94a,465,CONCORD ST
461118,,,CONGDON,ST,,,CONGDON ST,718153,af6d868a-7871-4f0a-8335-cfec425c33ef,466,CONGDON ST
461119,,,CONGER,RD,,,CONGER RD,538276,d28b9451-d792-481e-a310-5f8a3aefe225,467,CONGER RD
461120,,,CONGRESS,ALY,,,CONGRESS ALY,722212,0722f6c2-976f-4973-882c-ce29dcae88a4,468,CONGRESS ALY
461121,,,CONGRESS,ST,,,CONGRESS ST,722211,d4ed1c09-fee1-4d78-b393-80307dd901af,469,CONGRESS ST
461122,,,CONSTITUTION,AVE,,,CONSTITUTION AVE,829368,53d18dc8-04c3-414a-994f-9e02641d4ef2,470,CONSTITUTION AVE
461123,,,CONWAY,ST,,,CONWAY ST,753050,bf841d1b-4fba-42ce-9e96-cf4f1a8dd37f,472,CONWAY ST
461124,,,COONAN,ST,,,COONAN ST,704106,dabdedd3-f0bc-49bf-b852-c179975208f2,475,COONAN ST
461125,,,COPPAGE,DR,,,COPPAGE DR,563200,574d86af-395b-4230-861b-d57b1a1e2317,477,COPPAGE DR
461126,,,COPPERFIELD,RD,,,COPPERFIELD RD,613277,3c8b09f7-05ce-4d32-ad62-ac35f6b23648,478,COPPERFIELD RD
461127,,,CORINTH,DR,,,CORINTH DR,716411,8d8ce170-de6b-442f-9a12-ebc78603d926,480,CORINTH DR
461128,,,CORNHILL,ST,,,CORNHILL ST,750087,c6052c9d-7eec-4f52-b73d-2cd9880f1f4c,482,CORNHILL ST
461129,,,CORNING,AVE,,,CORNING AVE,803322,b8450774-f852-4988-b5a2-3fa7a4fcf725,483,CORNING AVE
461130,,,COTTAGE,ST,,,COTTAGE ST,722216,d69a9f15-cea0-4452-8841-be955821dc33,485,COTTAGE ST
461131,,,COUNTRY CLUB,BLVD,,,COUNTRY CLUB BLVD,815340,4136df56-50fb-48ec-91f7-bc17c2d65571,487,COUNTRY CLUB BLVD
461132,,,COUNTY,ST,,,COUNTY ST,842158,7dfe97de-9a84-447f-8f36-1e240982603c,488,COUNTY ST
461133,,,COURTLAND,ST,,,COURTLAND ST,663207,b34ee748-622c-4488-8caa-9fc9bbae73d3,490,COURTLAND ST
461134,,,COWDEN,ST,,,COWDEN ST,637090,b0597c63-7566-4f97-adc8-71cd01fad4e4,492,COWDEN ST
461135,,,CRANE,ST,,,CRANE ST,883123,bf291b0f-eaa2-4b00-b126-5cb7ad0bc6ed,493,CRANE ST
461136,,,CRAWFORD,ST,,,CRAWFORD ST,851189,9c734830-aa6b-41be-bc69-9f4e26950724,495,CRAWFORD ST
461137,,,CRESCENT,ST,,,CRESCENT ST,759270,484bddf9-413d-4385-bf5d-20c3be09900a,497,CRESCENT ST
461138,,,CREST,AVE,,,CREST AVE,807099,a4c59784-e737-4ee6-b987-caa6d8282551,498,CREST AVE
461139,,,CRESTLAN,CIR,,,CRESTLAN CIR,919122,3f73fa45-c066-4006-9802-a640f2114d1f,500,CRESTLAN CIR
461140,,,CRESTON,ST,,,CRESTON ST,805240,dd92c1a3-f3a3-48d4-a36c-870dc93c1ad3,502,CRESTON ST
461141,,,CRESTWOOD,ST,,,CRESTWOOD ST,694364,2331a584-5459-4f82-8cc8-d40264b76ddb,503,CRESTWOOD ST
461142,,,QUISSETT,ST,,,QUISSETT ST,635216,987b87da-d334-4d4b-acae-dd7431439d63,1621,QUISSETT ST
461143,,,RADCLIFFE,ST,,,RADCLIFFE ST,760434,39b809a8-7f75-485a-be3d-0249c329cc26,1622,RADCLIFFE ST
461144,,,RADMORE,ST,,,RADMORE ST,624258,03507d59-10c3-42fe-8c85-530f543b2d82,1623,RADMORE ST
461145,,,RAINBOW,DR,,,RAINBOW DR,656377,91fc9726-443f-4f54-8061-f3739a558c84,1624,RAINBOW DR
461146,,,RALEIGH,RD,,,RALEIGH RD,644266,cb0ecd0e-b0ab-442d-98b1-b4b1fd929dc4,1625,RALEIGH RD
461147,,,RALPH,AVE,,,RALPH AVE,846198,35b03594-bfd2-4ef8-9601-f824162bbb59,1626,RALPH AVE
461148,,,RALPH,ST,,,RALPH ST,728308,a15fcb6d-2293-4c5d-a750-4f229b7cd1ae,1627,RALPH ST
461149,,,RANDALL,ST,,,RANDALL ST,767389,293bd91e-a351-4d8a-9746-719884b2d5c0,1628,RANDALL ST
461150,,,RANDOLPH,RD,,,RANDOLPH RD,762340,2d10726b-c123-40cf-9b75-ecb98f6364ff,1629,RANDOLPH RD
461151,,,RANDOLPH,ST,,,RANDOLPH ST,881170,ddd137ca-a17e-426f-97da-76fc13e6f365,1630,RANDOLPH ST
461152,,,RANKIN,ST,,,RANKIN ST,771304,6d1affbf-c0ec-4a1d-9139-6b2b2ba215f5,1631,RANKIN ST
461153,,,RAPHAEL,ST,,,RAPHAEL ST,826220,bb1c739e-6765-4cdd-8425-37586778c50b,1632,RAPHAEL ST
461154,,,RAY,ST,,,RAY ST,751129,3e36a2f7-572b-4afb-9cae-7aa86fbe25a1,1633,RAY ST
461155,,,RAYMOND,ST,,,RAYMOND ST,750133,046f008d-4bf3-43b0-90c7-12ec2890d1cb,1634,RAYMOND ST
461156,,,REBBOLI,RD,,,REBBOLI RD,620210,2cd40457-b626-4bfd-9f76-5e4160ce0be4,1635,REBBOLI RD
461157,,,REBECCA,AVE,,,REBECCA AVE,810248,8be2e4ea-35fa-49df-b23b-150e81f5fda7,1636,REBECCA AVE
461158,,,REDDING,CT,,,REDDING CT,752275,4267370c-9484-4d54-bcdd-85beeea926a9,1638,REDDING CT
461159,,,REDFIELD,RD,,,REDFIELD RD,568144,658ae381-4f19-42d7-87d3-d683751679ce,1639,REDFIELD RD
461160,,,REED,ST,,,REED ST,659204,aa093f2a-ed11-4f7d-bf82-f9942244cc76,1640,REED ST
461161,,,REEVES,ST,,,REEVES ST,761095,94e36139-4d02-4871-b761-e29161bd662a,1641,REEVES ST
461162,,,REGENT,ST,,,REGENT ST,720262,babba1bd-196e-45ed-9d03-667b13f0851f,1642,REGENT ST
461163,,,RENA,ST,,,RENA ST,846244,75c1da96-cc6a-470e-9a4f-353f524dd367,1643,RENA ST
461164,,,RENFREW,ST,,,RENFREW ST,828162,9581e7d3-5d5f-497e-a061-1c9b91d7719f,1644,RENFREW ST
461165,,,RESEARCH,DR,,,RESEARCH DR,835255,2f016b40-fe4b-4bb5-970c-dc7c7c6aeedb,1645,RESEARCH DR
461166,,,RESERVOIR,ST,,,RESERVOIR ST,773234,1142d7fb-a2e6-46cb-804c-93fa80995531,1646,RESERVOIR ST
461167,,,REVERE,ST,,,REVERE ST,827177,4b321fd3-5134-4b0c-8f45-d9998830ec45,1647,REVERE ST
461168,,,REXHAME,RD,,,REXHAME RD,785345,7f73d7c8-ec46-49ff-942e-e7853df6bf7e,1648,REXHAME RD
461169,,,REYNOLDS,ST,,,REYNOLDS ST,767438,c7930802-0711-458a-8d2d-173a95deb4c9,1649,REYNOLDS ST
461170,,,RICE,LN,,,RICE LN,781166,6ab60eb7-108c-4c1c-8ef3-ad6093211574,1650,RICE LN
461171,,,RICE,ST,,,RICE ST,795421,bcbc308e-8d46-4a29-aef0-370b486b5a30,1651,RICE ST
461172,,,RICH,ST,,,RICH ST,603273,a5e9a5d4-f5e7-483f-a82c-044dd1f2e0df,1652,RICH ST
461173,,,RICHARDS,ST,,,RICHARDS ST,685149,925d2064-c151-4768-a9c1-2a81467de378,1653,RICHARDS ST
461174,,,HAYNES,ST,,,HAYNES ST,672144,84cff8c7-1d02-4a2f-98f1-cf22aefe4830,924,HAYNES ST
461175,,,HAZEL,ST,,,HAZEL ST,855187,f0994b75-6500-490e-b86a-30975c578aea,925,HAZEL ST
461176,,,HAZELWOOD,RD,,,HAZELWOOD RD,701301,53f85ad1-8fa5-4929-988e-7e3953ac59e8,926,HAZELWOOD RD
461177,,,HEALY,RD,,,HEALY RD,602123,74a81927-80dd-4359-9940-1bc6b8c59d3f,927,HEALY RD
461178,,,HEARD,ST,,,HEARD ST,639104,75e92a90-8dcc-410d-a2d7-987eaca2cb5c,928,HEARD ST
461179,,,HEATH,ST,,,HEATH ST,706106,8abca02b-9ddc-497f-a804-649f448840d8,929,HEATH ST
461180,,,HECLA,ST,,,HECLA ST,813236,1d7ebd83-bf02-422b-af2c-eae0b1003c99,930,HECLA ST
461181,,,HELMET,ST,,,HELMET ST,756051,daced9a4-aff5-4c84-bc45-25c708a60c8f,931,HELMET ST
461182,,,HEMANS,ST,,,HEMANS ST,743290,1707c7a4-0762-4e20-b93b-b1412e761ba3,932,HEMANS ST
461183,,,HEMLOCK,ST,,,HEMLOCK ST,630198,ea871387-f17d-419a-9fbc-3bda2d57e7ef,933,HEMLOCK ST
461184,,,HENCHMAN,ST,,,HENCHMAN ST,760260,8eeb533c-7773-4074-acdd-e6ded31c5aee,934,HENCHMAN ST
461185,,,HENCHMAN,TER,,,HENCHMAN TER,759262,f6dc60b9-9bef-4ccc-b3a9-fed92977a36a,935,HENCHMAN TER
461186,,,HENDERSON,AVE,,,HENDERSON AVE,621138,4b159883-9447-483d-aa56-5e1d00e43dbb,936,HENDERSON AVE
461187,,,SAVOY,ST,,,SAVOY ST,753051,ca155cc5-8b9b-408d-a430-8cc5e454aef8,1740,SAVOY ST
461188,,,SAXON,RD,,,SAXON RD,667277,038eeb0a-81bc-46ee-8fbf-0ff29179c6a7,1741,SAXON RD
461189,,,SAYBROOK,RD,,,SAYBROOK RD,881106,c26b14ca-6f41-41fb-9fb8-2497d527f2dd,1742,SAYBROOK RD
461190,,,SCANDINAVIA,AVE,,,SCANDINAVIA AVE,603171,42a02e61-b515-486c-8cfc-e3304375ef90,1743,SCANDINAVIA AVE
461191,,,SCARSDALE,ST,,,SCARSDALE ST,593176,5aca0b6f-8b68-4026-9f62-a7b729177f2c,1744,SCARSDALE ST
461192,,,SCENIC,DR,,,SCENIC DR,533275,fae052cb-390e-4778-9352-e49913e8a454,1745,SCENIC DR
461193,,,SCHOOL,ST,,,SCHOOL ST,754231,d3af9896-fb48-4e5e-946b-0178bcb6d51d,1746,SCHOOL ST
461194,,,SCHUSSLER,RD,,,SCHUSSLER RD,724242,44c00c01-bdfa-453d-b25b-5c40e99411f2,1747,SCHUSSLER RD
461195,,,SCOTT,ST,,,SCOTT ST,747175,4f493724-14e9-4b52-9d5d-49fdf13d4e8e,1748,SCOTT ST
461196,,,SCRANTON,RD,,,SCRANTON RD,789412,522a24e9-8b0f-4aab-ab19-c1f098852d4a,1749,SCRANTON RD
461197,,,SCRIMGEOUR,RD,,,SCRIMGEOUR RD,733332,fa49622a-612d-40ed-8446-5a2d8b3675e7,1750,SCRIMGEOUR RD
461198,,,SEARS ISLAND,DR,,,SEARS ISLAND DR,715324,e6415766-4236-4163-9d69-5fb2bd2fee9d,1751,SEARS ISLAND DR
461199,,,SEATTLE,ST,,,SEATTLE ST,837340,ed48b46f-56d8-432c-aa53-d66880abda9f,1752,SEATTLE ST
461200,,,SECOND,ST,,,SECOND ST,617181,11f852b4-1d1d-40b8-a87e-2c02e6bba407,1753,2ND ST
461201,,,SECONSET,ST,,,SECONSET ST,614288,3022d30f-34c6-4b92-bc5d-4214a4ad6e9c,1754,SECONSET ST
461202,,,SELDEN,ST,,,SELDEN ST,791298,593be07b-8cd1-463b-9304-23fc370c3a70,1755,SELDEN ST
461203,,,SEMINOLE,DR,,,SEMINOLE DR,617142,2b43518f-9e1c-41ed-9d8d-26bef0d70ee8,1756,SEMINOLE DR
461204,,,SENECA,ST,,,SENECA ST,690090,66144118-90df-436c-8a56-5a15aacd3d6f,1757,SENECA ST
461205,,,SEPTEMBER,ST,,,SEPTEMBER ST,657210,3a476b21-e3ef-416d-aea8-229e18c4a48f,1758,SEPTEMBER ST
461206,,,SERVICE,RD,,,SERVICE RD,840359,57037140-0a12-4a23-b47e-f943b9df1a7e,1759,SERVICE RD
461207,,,SEVER,ST,,,SEVER ST,717226,c08040bb-3c0e-47b7-a564-de3d3f65a55c,1760,SEVER ST
461208,,,SEWARD,ST,,,SEWARD ST,798230,219e7b68-e810-48dc-9629-53289a3628dd,1761,SEWARD ST
461209,,,SEYMOUR,ST,,,SEYMOUR ST,754159,322df398-a6ac-48a7-92ae-2cff9793776f,1762,SEYMOUR ST
461210,,,SHAFFNER,PL,,,SHAFFNER PL,785295,40f62781-1fb8-4ffd-b959-f8c739e81809,1764,SHAFFNER PL
461211,,,SHAFFNER,ST,,,SHAFFNER ST,781296,c5bb0883-4d9f-446c-bfb4-292081b09bab,1765,SHAFFNER ST
461212,,,SHALE,ST,,,SHALE ST,792200,aca7f057-491d-4d16-972b-19370c3646d3,1766,SHALE ST
461213,,,SHAMROCK,ST,,,SHAMROCK ST,781218,5570f646-9447-4738-be31-ba82e1bb107f,1767,SHAMROCK ST
461214,,,SHANNON,ST,,,SHANNON ST,779164,3145f79f-ab2a-4bba-af37-2cdfa22880fc,1768,SHANNON ST
461215,,,SHATTUCK,ST,,,SHATTUCK ST,780293,603e5c90-322f-4b6f-8645-ed268527e3a3,1769,SHATTUCK ST
461216,,,LANARK,ST,,,LANARK ST,628104,aea96fcb-d776-4dcc-b316-986da5c7e200,1127,LANARK ST
461217,,,LANCASTER,TER,,,LANCASTER TER,743254,68502fd5-e340-4624-b27b-e7ecee825dab,1129,LANCASTER TER
461218,,,LANGDON,ST,,,LANGDON ST,740175,43109929-6ea5-419c-8adb-b35fd6cfa74f,1131,LANGDON ST
461219,,,LANSING,AVE,WEST,,LANSING AVE WEST,690356,9f835e5f-f1fd-43a1-a2d4-3ef24f7da9fe,1133,LANSING AVE 
461220,,,LANTERN,LN,,,LANTERN LN,660341,fefb04fb-1aa5-4f4e-bb2b-8059666773fd,1134,LANTERN LN
461221,,,LARCH,ST,,,LARCH ST,711208,b8fb07ab-67d9-4dbf-8117-8cef0d2b7321,1137,LARCH ST
461222,,,CANTON,ST,,,CANTON ST,742159,11020ba2-83f4-499b-a7f9-ffe64874ee50,344,CANTON ST
461223,,,CAPRERA,RD,,,CAPRERA RD,811245,0b21f8cc-6360-4e7b-8d28-555e7ec4b1f7,346,CAPRERA RD
461224,,,OLEUM,CT,,,OLEUM CT,792224,3de3a001-6761-4b51-a25b-de40301eb7fe,1471,OLEUM CT
461225,,,OLGA,AVE,,,OLGA AVE,792249,18a9c86b-6a51-48a5-a07f-e5c8f10abf31,1472,OLGA AVE
461226,,,OLGA,CT,,,OLGA CT,792247,55635fbe-7fa9-433a-81f9-e5ab11ed9cea,1473,OLGA CT
461227,,,OLIN,ST,,,OLIN ST,767386,c2f5f8f4-a1a7-429e-b5e3-11ca69c7b723,1474,OLIN ST
461228,,,OLIVER,ST,,,OLIVER ST,673165,6fcf28e8-5eff-43fb-ade0-f9c679622314,1475,OLIVER ST
461229,,,ONEIDA,AVE,,,ONEIDA AVE,796395,3684d665-eb9d-4d1c-87e8-e932a9d4c89b,1477,ONEIDA AVE
461230,,,ONSET,ST,,,ONSET ST,878149,b3a74d0f-d7a7-4a84-ad7e-9bedbff10196,1478,ONSET ST
461231,,,ORAN,ST,,,ORAN ST,782305,9f64ec76-c171-4e71-8f4b-a1ab23e67af5,1480,ORAN ST
461232,,,OREAD,PL,,,OREAD PL,714184,b9c8d4f6-0083-424f-aa31-90c4ec1e13aa,1481,OREAD PL
461233,,,ORIENT,ST,,,ORIENT ST,798206,1d807cd0-7187-4bd8-a768-fa67366f4a79,1483,ORIENT ST
461234,,,ORIENTAL,ST,,,ORIENTAL ST,653371,fc319e2b-3aa9-4074-b36b-cf93c7427557,1484,ORIENTAL ST
461235,,,ORIOL,DR,,,ORIOL DR,836329,603011b8-d481-4d3f-9c8f-0a5a3b4ae6a9,1485,ORIOL DR
461236,,,ORMOND,ST,,,ORMOND ST,728236,8d5befa1-3f20-486f-9f4c-2d552656f7c5,1487,ORMOND ST
461237,,,ORNE,ST,,,ORNE ST,771272,0d35bdce-d457-4353-ae33-49f068380c84,1488,ORNE ST
461238,,,ORRISON,ST,,,ORRISON ST,639296,f3f3aa32-3793-4f54-b382-14d7e112aaca,1490,ORRISON ST
461239,,,VIELE,AVE,,,VIELE AVE,800341,bd99c71d-2e65-4ed8-8991-0e7560b52c7a,1999,VIELE AVE
461240,,,VIEW,ST,,,VIEW ST,759151,d66a00b8-b5ad-407f-9329-46513baaeefa,2000,VIEW ST
461241,,,VIKING,TER,,,VIKING TER,901136,4d8852f0-e768-4e7c-bf22-ce5e775d3194,2001,VIKING TER
461242,,,VILLA NOVA,ST,,,VILLA NOVA ST,813221,715ee6df-ca3d-4d7d-9752-01ba4516452d,2002,VILLA NOVA ST
461243,,,VILLAGE,ST,,,VILLAGE ST,800173,2ee1d2b7-3af7-4a11-8792-5d1aa185fac6,2003,VILLAGE ST
461244,,,VINCENT,AVE,,,VINCENT AVE,649177,2732589f-d3fe-405d-b3d9-09375bfd2d07,2004,VINCENT AVE
461245,,,VINCENT,CIR,,,VINCENT CIR,829122,62fef83d-c19b-4015-986c-f6985065b8fb,2005,VINCENT CIR
461246,,,VINELAND,ST,,,VINELAND ST,824232,8f2f7aa8-ed98-4c34-91b2-b87e1053b990,2006,VINELAND ST
461247,,,VINEYARD,ST,,,VINEYARD ST,663174,1554578d-4256-466d-a28a-4c25aef09ae9,2007,VINEYARD ST
461248,,,VINSON,ST,,,VINSON ST,788255,047841a4-dfa4-4ebb-ab39-5247d9f81fdb,2008,VINSON ST
461249,,,CROMPTON,ST,,,CROMPTON ST,712134,2be44be2-67bb-460d-82c0-8ab1ac9cfd8c,508,CROMPTON ST
461250,,,CROWN,ST,,,CROWN ST,725208,9a674dd4-1cfb-44dc-9ced-86937b76c31a,510,CROWN ST
461251,,,CROWNINGSHIELD,RD,,,CROWNINGSHIELD RD,800152,5f81d645-9fa2-44c8-a0f3-f41d2489c2d2,511,CROWNINGSHIELD RD
461252,,,CROYDON,RD,,,CROYDON RD,768414,9aa62eec-df3b-43b8-a5e2-a90c3d93a974,512,CROYDON RD
461253,,,CRYSTAL,ST,,,CRYSTAL ST,688152,b9dc1dab-08f5-4825-9d09-473cb5427680,513,CRYSTAL ST
461254,,,CURTIS,PKWY,,,CURTIS PKWY,629130,f179a08a-3d51-4bde-b2f4-7709ceb9864d,517,CURTIS PKWY
461255,,,CURTIS,ST,,,CURTIS ST,655142,a32c2f1f-78b2-466c-a59c-51d33a570fe7,518,CURTIS ST
461256,,,CUTTING,AVE,,,CUTTING AVE,771371,6afd1362-6ff2-47ae-8c84-1ff5c597996b,520,CUTTING AVE
461257,,,DALLAS,ST,,,DALLAS ST,855202,cd075b22-674c-4887-93b5-d8554f1e18c3,523,DALLAS ST
461258,,,DALY,ST,,,DALY ST,745292,65f72473-7ded-470f-930c-74afc2f3bbce,525,DALY ST
461259,,,DANIELS,ST,,,DANIELS ST,822246,10122891-9983-4b42-ad68-372e0c5b16e0,528,DANIELS ST
461260,,,DARA,LN,,,DARA LN,630307,ceeee874-3244-401f-8f32-89540da4244d,530,DARA LN
461261,,,DARNELL,RD,,,DARNELL RD,706381,a1ee103f-4d04-4a48-b719-e3628dd89bab,533,DARNELL RD
461262,,,DAVIS,ST,,,DAVIS ST,715193,1c473713-93b9-4fcf-9c28-0f2872e83e41,538,DAVIS ST
461263,,,DAWSON,RD,,,DAWSON RD,588317,b503079a-0ced-462d-b137-762315a19618,540,DAWSON RD
461264,,,DEAN,ST,,,DEAN ST,737246,e5f1315d-401b-4396-a6bd-d4540b6da58e,543,DEAN ST
461265,,,DEBORAH,RD,,,DEBORAH RD,688332,0eb3ebb0-30ad-4a19-8f01-3bcaa3d8d85d,545,DEBORAH RD
461266,,,DEEPDALE,RD,,,DEEPDALE RD,770451,b5ec3dd6-6c22-4872-aa96-30ab51b6a0ca,548,DEEPDALE RD
461267,,,DEERING,DR,,,DEERING DR,624200,e15fcaa0-3357-4b79-8be5-2a01fe56b87a,550,DEERING DR
461268,,,DELAWARE,ST,,,DELAWARE ST,668128,36a03e7e-46c5-40c0-9c8a-d5377e6a9524,553,DELAWARE ST
461269,,,DELLDALE,ST,,,DELLDALE ST,778256,2b7e2be4-19dc-410f-a09d-f31834f5c2b3,555,DELLDALE ST
461270,,,DEMARCO,TER,,,DEMARCO TER,789218,48a1e0ba-3137-4ae7-8d21-2cb73150b0c9,558,DE MARCO TER
461271,,,DENMARK,ST,,,DENMARK ST,783286,fd428668-87a4-47ab-bc70-308fe6deb27a,560,DENMARK ST
461272,,,DENNIS,DR,,,DENNIS DR,774342,3afd5e02-57e0-4136-b467-537d7d1672ed,561,DENNIS DR
461273,,,DENVER,TER,,,DENVER TER,831141,435ae7c4-87af-4d2b-b578-bc2aaa471af6,563,DENVER TER
461274,,,DEVENS,RD,,,DEVENS RD,782365,69281d3e-2b6e-4e04-ae4f-73e8d957514e,565,DEVENS RD
461275,,,DEVONSHIRE,ST,,,DEVONSHIRE ST,661388,424e28ab-67b8-4b0c-8145-617f913f0c28,566,DEVONSHIRE ST
461276,,,DEWEY,ST,,,DEWEY ST,692194,b1b1a80f-4a5c-4e5d-9098-103313291af4,568,DEWEY ST
461277,,,DILLON,ST,,,DILLON ST,782141,0ba085f8-1b45-4ae3-8c45-7a4cb1f1dfde,575,DILLON ST
461278,,,FLINT POND,RD,,,FLINT POND RD,913111,719fb048-213f-49ab-aeae-b1b9c18f9d4c,748,FLINT POND RD
461279,,,FLORENCE,ST,,,FLORENCE ST,684174,4bd7a735-aaad-43a4-913f-2f7e1d1fa1f3,749,FLORENCE ST
461280,,,FLORIDA,AVE,,,FLORIDA AVE,700407,01438544-3928-4d4b-bf0e-2729d31c3430,750,FLORIDA AVE
461281,,,FLOWER,ST,,,FLOWER ST,793173,4f6d3402-656b-41ad-b80d-ab11c760d893,751,FLOWER ST
461282,,,FIELD,WAY,,,FIELD WAY,655254,1e58b4fe-58f2-44bd-9953-30d2ff4800d6,737,FIELD WAY
461283,,,FIELDING,ST,,,FIELDING ST,582131,bef702c3-94fa-4d19-8240-8d2451acb0b0,738,FIELDING ST
461284,,,FIFTH,AVE,,,FIFTH AVE,750132,8a4d169b-df4d-4fc1-81b5-fd40f27cd6bd,739,5TH AVE
461285,,,FIR,CT,,,FIR CT,796208,809b176b-94bd-4629-991a-bd31d9e8819d,740,FIR CT
461286,,,FIRGLADE,ST,,,FIRGLADE ST,611284,77aa3adc-41c7-4cab-be34-f2a674ab8b8c,741,FIRGLADE ST
461287,,,FIRST,ST,,,FIRST ST,614178,c3cd50f2-73fc-472e-8254-a731e75a1ac4,742,1ST ST
461288,,,FIRTH,ST,,,FIRTH ST,814149,87e44134-3c71-4e7f-8a04-c4885cf709b0,743,FIRTH ST
461289,,,FISHER,RD,,,FISHER RD,611213,e4a6658f-5134-477a-9f1e-a2e0542c5cba,744,FISHER RD
461290,,,FISKE,ST,,,FISKE ST,659220,8df96076-545f-45e7-958c-1775ad5d97fa,745,FISKE ST
461291,,,FLAGG,ST,,,FLAGG ST,655283,135ed6d8-1b47-4984-af8d-f1971bd76fbe,746,FLAGG ST
461292,,,FLETCHER,ST,,,FLETCHER ST,821209,60805a28-f07f-4bdc-a286-298a5e5600b3,747,FLETCHER ST
461293,,,GLENDALE,ST,,,GLENDALE ST,616221,4181eba3-a333-41de-aa27-f4f73b282005,820,GLENDALE ST
461294,,,GLENNIE,ST,,,GLENNIE ST,735295,059b2e21-f57a-4bc9-b0db-8d81b6aac8ca,821,GLENNIE ST
461295,,,GLENWOOD,ST,,,GLENWOOD ST,719172,c7011ab2-16b8-44b6-aa22-a64fd2c3f9c7,822,GLENWOOD ST
461296,,,GLEZEN,ST,,,GLEZEN ST,857173,94a6a7c5-32b1-4158-af25-df76f06285c2,823,GLEZEN ST
461297,,,ASH,ST,,,ASH ST,752187,e703e0e5-a087-48ea-a8bb-1eb292e1dcad,101,ASH ST
461298,,,GLOUCESTER,RD,,,GLOUCESTER RD,763122,84d64559-2d6a-41ab-8579-e7c6572fb765,824,GLOUCESTER RD
461299,,,GODDARD,ST,,,GODDARD ST,756194,907beb18-94cc-46dc-983d-1da4d9fe0cb8,825,GODDARD ST
461300,,,GODDARD MEMORIAL,DR,,,GODDARD MEMORIAL DR,574169,ff37cfec-2820-4b51-8b4b-7ac5d64b53d1,826,GODDARD MEMORIAL DR
461301,,,GOLD,ST,,,GOLD ST,745188,adad9c61-5251-4680-86ca-15f86a49066a,827,GOLD ST
461302,,,GOLD STAR,BLVD,,,GOLD STAR BLVD,740309,123e4818-139d-435c-88e8-4489834a360d,828,GOLD STAR BLVD
461303,,,GOLDSBERRY,ST,,,GOLDSBERRY ST,758243,65c608ae-6fdb-49ea-ac16-447bbe6e0f30,829,GOLDSBERRY ST
461304,,,GOLDTHWAITE,RD,,,GOLDTHWAITE RD,806330,8d81ee27-925b-4e10-a1f6-5b01f9d526db,830,GOLDTHWAITE RD
461305,,,GORHAM,ST,,,GORHAM ST,783301,03f1f3e3-d37e-40eb-8fe4-d265dec37f3a,832,GORHAM ST
461306,,,GOSNOLD,ST,,,GOSNOLD ST,750356,cd9d3899-987e-4b62-ae02-6191f04255ab,833,GOSNOLD ST
461307,,,GOTHIC,AVE,,,GOTHIC AVE,805390,2d7be6f4-8d6e-43ce-9cf9-3838c561368f,834,GOTHIC AVE
461308,,,GOTLAND,ST,,,GOTLAND ST,746106,55f0e846-a64a-4d0c-8d84-ceaf0d6e91d3,835,GOTLAND ST
461309,,,GOUCHER,AVE,,,GOUCHER AVE,823300,d89d8daf-488a-4a23-85cf-1bda5c110ce7,836,GOUCHER AVE
461310,,,GOULD HILL,RD,,,GOULD HILL RD,592131,c042b72b-ea1f-4ec0-90d7-40dec6ec57e6,837,GOULD HILL RD
461311,,,GOULDING,ST,,,GOULDING ST,736237,ce90dd4a-61cc-411e-b04e-f82cfd94b82b,838,GOULDING ST
461312,,,GOVERNORS,ST,,,GOVERNORS ST,795387,ff4cdb6a-7690-49d3-90a4-11a10e23fc15,839,GOVERNORS ST
461313,,,WESTPORT,CIR,,,WESTPORT CIR,670372,2e568662-171d-4d58-99ba-bd437d1fb6da,4435,WESTPORT CIR
461314,,,RUTLAND,CIR,,,RUTLAND CIR,716269,a4c3bc7f-556f-4330-907b-9a68b0f91de3,4438,RUTLAND CIR
461315,,,ARGYLE,ST,,,ARGYLE ST,692276,6e8ae080-e85a-4983-8678-1e891fd05aa9,4441,ARGYLE ST
461316,,,OAK LEAF,CIR,,,OAK LEAF CIR,609151,36ceb3b4-b236-4be2-98ad-b9e3456caf90,4443,OAK LEAF CIR
461317,,,HAVEN,LN,,,HAVEN LN,855335,245280b7-22b3-4933-a3fd-580e4a8c5023,4445,HAVEN LN
461318,,,KELSEY,DR,,,KELSEY DR,838113,3459a07e-cb6d-40c6-98e4-4b8507ca8b1a,4446,KELSEY DR
461319,,,MEENA,DR,,,MEENA DR,653095,589d8393-5758-42fb-8388-e88c23898f57,4448,MEENA DR
461320,,,LONGWOOD,AVE,,,LONGWOOD AVE,699363,60172b84-1f24-44b2-903d-ee4bfa8d7e1c,4449,LONGWOOD AVE
461321,,,BROMPTON,CIR,,,BROMPTON CIR,632364,c5b6bc2c-d9bf-4dbb-b93f-e86707b958c6,4452,BROMPTON CIR
461322,,,PAYSON,ST,,,PAYSON ST,762126,fef25f40-2644-4d1f-b6cb-d2dec3be808a,1530,PAYSON ST
461323,,,PEABODY,ST,,,PEABODY ST,826229,e27a8ae9-fd4b-48a4-83a4-51230e4271ae,1531,PEABODY ST
461324,,,PEACEDALE,AVE,,,PEACEDALE AVE,749081,4cb8b8d4-483f-45d8-a4f3-afc6f368e5c8,1532,PEACEDALE AVE
461325,,,PEARL,ST,,,PEARL ST,741214,82ebd477-0653-4176-adf3-3c92b6aa8305,1533,PEARL ST
461326,,,PEARSON,ST,,,PEARSON ST,802071,d009e49f-15f4-4717-9ad9-e9f0dd54a2ae,1534,PEARSON ST
461327,,,PELHAM,ST,,,PELHAM ST,711218,acb9a3c6-75fe-4030-9059-a0adf1060e92,1535,PELHAM ST
461328,,,PELICAN,AVE,,,PELICAN AVE,671344,429cf37f-3d11-428d-8dbb-1fd6241326da,1536,PELICAN AVE
461329,,,PEMBERTON,ST,,,PEMBERTON ST,694189,151dd6da-1cbe-4a63-a7b7-cc2e1bf873f4,1537,PEMBERTON ST
461330,,,PEMBROKE,ST,,,PEMBROKE ST,686185,57befd3f-bd20-4f77-8fad-5e3ae89522ac,1538,PEMBROKE ST
461331,,,PENHALLOW,RD,,,PENHALLOW RD,638277,dfa9f667-9b75-4a3d-9e67-8e3b34854636,1539,PENHALLOW RD
461332,,,PENN,AVE,,,PENN AVE,775181,bc2afb32-8b75-4999-971d-187c4eeb15f1,1540,PENN AVE
461333,,,PENOBSCOT,ST,,,PENOBSCOT ST,761472,6d523acf-0ce6-4815-912a-878a5134e6d0,1541,PENOBSCOT ST
461334,,,PERKINS,ST,,,PERKINS ST,769267,8e9e234e-3722-432a-b7a5-743f29c8742e,1542,PERKINS ST
461335,,,PERKINS,TER,,,PERKINS TER,767266,b2bc65fe-0e11-4dd6-ad78-dbd0be36d844,1543,PERKINS TER
461336,,,PERROT,ST,,,PERROT ST,649223,fdbfdbf5-0a27-489b-a0c9-743d0e2a73e0,1544,PERROT ST
461337,,,PERRY,AVE,,,PERRY AVE,751149,6486b21e-bce5-47c4-89ec-67d91a23efc9,1545,PERRY AVE
461338,,,PERSHING,ST,,,PERSHING ST,786417,67e45a1f-c16a-449d-858a-f798b9d82c50,1546,PERSHING ST
461339,,,PERTH,CT,,,PERTH CT,766406,8f05df26-d1a0-4a1e-a347-acc5ba7b64b8,1547,PERTH CT
461340,,,PHILLIPS,ST,,,PHILLIPS ST,828229,3f8779bd-7b49-4ff2-a25d-d7e17cedd03f,1548,PHILLIPS ST
461341,,,PHOEBE,WAY,,,PHOEBE WAY,670339,585c1eff-2399-4f13-be52-40ffff95d785,1549,PHOEBE WAY
461342,,,PHOENIX,ST,,,PHOENIX ST,848165,48a36518-25d2-4395-b1a9-ccb97d3a34a5,1550,PHOENIX ST
461343,,,PIEDMONT,ST,,,PIEDMONT ST,716199,58f9605e-daa9-42e0-9b75-732749464600,1552,PIEDMONT ST
461344,,,PIEHL,AVE,,,PIEHL AVE,685406,e88df608-7a7d-4e7f-8e6c-b557f2ba596e,1553,PIEHL AVE
461345,,,PIERPONT,ST,,,PIERPONT ST,837230,b5d20592-1a9c-4470-b220-bea8394745df,1555,PIERPONT ST
461346,,,PILGRIM,AVE,,,PILGRIM AVE,807180,12333084-11f1-4705-8ede-69fad0e61bcd,1556,PILGRIM AVE
461347,,,PINECREST,DR,,,PINECREST DR,919119,f481331b-f3c8-47dd-8e9f-c17878b7017f,1557,PINE CREST DR
461348,,,PINE HILL,RD,,,PINE HILL RD,874141,e2997d88-ad1a-4827-8d23-22b0c670459d,1558,PINE HILL RD
461349,,,PINE TREE,DR,,,PINE TREE DR,697269,76fe8b19-a494-43ff-9038-fb5962dfefd8,1559,PINE TREE DR
461350,,,PINE TREE,LN,,,PINE TREE LN,697265,33f2a85f-3915-4adb-b9f4-282c97d99c03,1560,PINE TREE LN
461351,,,PINE VIEW,AVE,,,PINE VIEW AVE,627102,698b9750-e621-4708-832c-0584f056533c,1561,PINE VIEW AVE
461352,,,PINEBROOK,LN,,,PINEBROOK LN,607311,3cd739b9-935f-4373-8b13-1b804cfa6492,1562,PINEBROOK LN
461353,,,PINELAND,AVE,,,PINELAND AVE,915130,44c37a6f-2bf6-4022-b654-a4375f87206d,1563,PINELAND AVE
461354,,,PINEWOOD,LN,,,PINEWOOD LN,600311,db1b6173-be9b-45b7-ba59-10f7faebfd1f,1564,PINEWOOD LN
461355,,,PINNACLE,ST,,,PINNACLE ST,618255,dffba3a6-8e70-4952-b22e-bb234b1da0f8,1565,PINNACLE ST
461356,,,PIONEER,RD,,,PIONEER RD,913130,38022b6f-074f-4c5b-b47d-c03433f67854,1566,PIONEER RD
461357,,,PITT,ST,,,PITT ST,733141,db04b8c6-2075-4bb4-8909-84c7b8f640c2,1567,PITT ST
461358,,,PLANE,ST,,,PLANE ST,771167,06f64658-110b-49a4-a177-bdb7d75b9ee1,1568,PLANE ST
461359,,,PLANTATION,ST,,,PLANTATION ST,838251,668e46ab-2adf-4661-b125-39f7638b6f3a,1569,PLANTATION ST
461360,,,PLANTATION,TER,,,PLANTATION TER,828240,3227c31a-bf9d-477c-91e0-fb88be990361,1570,PLANTATION TER
461361,,,PLASTICS,ST,,,PLASTICS ST,773197,15efdebf-0509-4ed5-9eca-ac0916896f99,1571,PLASTIC ST
461362,,,PLEASANT,PL,,,PLEASANT PL,735213,fd35aaf5-8e3e-4543-82c6-89014130dc8f,1572,PLEASANT PL
461363,,,PLEASANT,ST,,,PLEASANT ST,636263,15d3394b-b33c-4b31-8666-905bd25c5c0b,1573,PLEASANT ST
461364,,,PLEASANT,TER,,,PLEASANT TER,708214,eca42060-07ca-45cb-8008-62f56614cdd6,1574,PLEASANT TER
461365,,,PLEASANT VALLEY,DR,,,PLEASANT VALLEY DR,811333,8f443226-d7d4-42e5-8864-c9982368238a,1575,PLEASANT VALLEY DR
461366,,,PLUM,ST,,,PLUM ST,785214,c483ef00-22e1-4fb1-a622-a3e0b09cfe44,1576,PLUM ST
461367,,,PLYMOUTH,ST,,,PLYMOUTH ST,752192,14ab5bf9-a1c2-4ea5-b695-5368b45a650a,1577,PLYMOUTH ST
461368,,,POCASSET,AVE,,,POCASSET AVE,799367,8e76aec5-a59a-46b2-837b-91909a1cb5df,1578,POCASSET AVE
461369,,,POCASSET,ST,,,POCASSET ST,875139,839077db-01a2-4e27-b0d3-fda9035dd77b,1579,POCASSET ST
461370,,,POCONO,RD,,,POCONO RD,854277,faef8249-c206-41ee-affa-8f3a0055c079,1580,POCONO RD
461371,,,POINTE ROK,DR,,,POINTE ROK DR,925119,305158b5-554a-4b13-8095-076a0fa86b8b,1581,POINTE ROK DR
461372,,,POLITO,DR,,,POLITO DR,878104,9d3cbfbc-168c-4e59-a20a-f4ef60b1f323,1582,POLITO DR
461373,,,DEERFIELD,ST,,,DEERFIELD ST,672201,de1574fb-4e33-4ee2-95a5-179d582c8b98,549,DEERFIELD ST
461374,,,DELAVAL,RD,,,DELAVAL RD,721394,618f42a9-a5bf-4871-8b9c-a21610efad85,551,DELAVAL RD
461375,,,DELAWANDA,DR,,,DELAWANDA DR,617157,914a04c8-3bbd-4be3-acb9-fa30a6f95f01,552,DELAWANDA DR
461376,,,DELL,AVE,,,DELL AVE,807197,730af34d-45b6-49c0-8840-b953dd6229cc,554,DELL AVE
461377,,,DELLWOOD,RD,,,DELLWOOD RD,629257,fcffb0e5-8c3a-41cf-8250-145b4b95172c,556,DELLWOOD RD
461378,,,DELMONT,AVE,,,DELMONT AVE,814180,3aabcfb7-3715-4c01-a7ae-0b732ba2f2d4,557,DELMONT AVE
461379,,,DENISON,RD,,,DENISON RD,669300,4641cf7b-7279-447a-84cf-dbef643db206,559,DENNISON RD
461380,,,DENNY,ST,,,DENNY ST,733237,4482ec36-4752-442b-89db-a44d2e330c10,562,DENNY ST
461381,,,DERBY,ST,,,DERBY ST,795148,13e7865c-9cd6-41b9-8e93-712045d7cc2c,564,DERBY ST
461382,,,DEWAR,DR,,,DEWAR DR,668189,fd1a3286-93c6-48e2-bb57-2575c92ab7da,567,DEWAR DR
461383,,,DEXTER,ST,,,DEXTER ST,771089,62bb08c8-e1df-4f8f-a168-3b998bc0bd94,569,DEXTER ST
461384,,,DIAMOND,ST,,,DIAMOND ST,745142,1c9d93a2-7b37-4db2-b797-56c5f0bcdc44,570,DIAMOND ST
461385,,,DIANA,ST,,,DIANA ST,698319,1c2e9a4b-ce8f-42e0-a187-a7cec9a3eb5d,571,DIANA ST
461386,,,DICK,DR,,,DICK DR,648345,930b98df-0e46-4366-b20a-e328dce881be,572,DICK DR
461387,,,DIGREGORIO,DR,,,DIGREGORIO DR,846128,b4aa2fe7-2409-4e56-9f43-76622dfe7ccf,574,DIGREGORIO DR
461388,,,DISTRIBUTOR,RD,,,DISTRIBUTOR RD,735298,12a940a8-f864-449f-866c-adbb4b585cfe,576,DISTRIBUTOR RD
461389,,,DIVISION,ST,,,DIVISION ST,795195,c62b7baa-9cf2-4aba-9006-0eb342cbee08,577,DIVISION ST
461390,,,DIX,ST,,,DIX ST,737233,73d75c6a-456f-4eb8-8995-5c0b01f54b81,578,DIX ST
461391,,,DIXFIELD,RD,,,DIXFIELD RD,768451,48706189-5977-4e3e-8410-84043880cc4f,579,DIXFIELD RD
461392,,,DIXFIELD,ST,,,DIXFIELD ST,761464,1c4908f5-88fd-4e42-99de-c7b1fbff2f16,580,DIXFIELD ST
461393,,,DODGE,AVE,,EXT,DODGE AVE EXT,762349,96170321-e353-4c34-9d05-6895bfa874f2,,DODGE AVE EXT
461394,,,DOANE,ST,,,DOANE ST,769127,6eb85f53-3db0-476e-9d5f-89298f6df9fc,582,DOANE ST
461395,,,DODGE,AVE,,,DODGE AVE,764343,3d8bfec9-9d05-4e06-86a0-9347dc499401,583,DODGE AVE
461396,,,DOGWOOD,RD,,,DOGWOOD RD,702381,10994819-92e8-4ef1-8e79-b2ef5d9c615e,584,DOGWOOD RD
461397,,,DUNCANNON,AVE,,,DUNCANNON AVE,849140,0830a209-05f2-4ac1-bdea-29ee312da8c9,4453,DUNCANNON AVE
461398,,,PROSPECT,ST,,,PROSPECT ST,770225,3cf505cc-f6c0-4a0c-818d-a2cac26c6cc9,1604,PROSPECT ST
461399,,,PROUTY,LN,,,PROUTY LN,549267,dd66e2ab-2cc4-40c8-8e57-886c92f0f194,1605,PROUTY LN
461400,,,PROVIDENCE,ST,,,PROVIDENCE ST,770150,9c243726-513a-405f-bfca-34714a651760,1606,PROVIDENCE ST
461401,,,PRUDENCE,ST,,,PRUDENCE ST,750388,8407946b-0cd8-48e2-8511-ef8fbf2460b3,1607,PRUDENCE ST
461402,,,PRUDENTIAL,RD,,,PRUDENTIAL RD,788409,d33f57cb-61a2-49fe-869a-175c6c9576c2,1608,PRUDENTIAL RD
461403,,,PULLMAN,ST,,,PULLMAN ST,753427,4161bd87-1e09-4103-8c6d-c7b7a7db69de,1609,PULLMAN ST
461404,,,PURCHASE,ST,,,PURCHASE ST,787383,65e3414e-7cd8-4d23-9b80-5c6582cf6510,1610,PURCHASE ST
461405,,,PURITAN,AVE,,,PURITAN AVE,810173,cdf8e8e2-262a-4af3-a9ba-0963965cc61c,1611,PURITAN AVE
461406,,,PUTNAM,LN,,,PUTNAM LN,809227,b95250b5-6e46-492a-800c-11cda1a03e94,1612,PUTNAM LN
461407,,,QUABOAG,ST,,,QUABOAG ST,616205,79ee1d38-b7f8-40ea-80bc-873369209d30,1613,QUABOAG ST
461408,,,QUAKER,RD,,,QUAKER RD,529276,fcb17c0c-6f8b-45fc-b8bc-4d870b8cac1b,1614,QUAKER RD
461409,,,THANAS,CT,,,THANAS CT,665306,ac37f48b-0d3e-4d8e-b679-194b2ea41428,,THANAS CT
461410,,,QUEEN,ST,,,QUEEN ST,712196,eb390ee4-bfb3-4d3f-a500-bc533e5880dc,1616,QUEEN ST
461411,,,QUINAPOXET,LN,,,QUINAPOXET LN,789400,de65d125-49f8-4cd9-bed2-bafb58c536de,1617,QUINAPOXET LN
461412,,,QUINCY,ST,,,QUINCY ST,721206,1752d5dd-9879-4666-b308-66837c06a391,1618,QUINCY ST
461413,,,QUINSIGAMOND,AVE,,,QUINSIGAMOND AVE,738156,b6edbae9-ef68-4b3f-a441-b749f1632737,1619,QUINSIGAMOND AVE
461414,,,BELLA,LN,,,BELLA LN,751066,3dd154a5-0380-478f-8d05-97037f98a40f,4456,BELLA LN
461415,,,NIPPNAPP,TRAIL,,,NIPPNAPP TRAIL,767027,f54c3ab4-3c28-40b3-960b-835c6faa3c6b,4458,NIPPNAPP TRL
461416,,,LATTI FARM,RD,,,LATTI FARM RD,784081,63f91647-3128-4815-af1b-746920a7abe5,4459,LATTI FARM RD
461417,,,RICE,SQ,,,RICE SQ,800165,1b8af396-82e1-4cd0-9837-c664603cc098,4461,RICE SQ
461418,,,LINCOLN,SQ,,,LINCOLN SQ,531240,536fe6bb-3f8f-478c-8c42-8d95056ecdcc,4462,LINCOLN SQ
461419,,,SALEM,SQ,,,SALEM SQ,749203,69919882-7c17-45db-9a25-2fbd7bdafa99,4463,SALEM SQ
461420,,,APPIAN,WAY,,,APPIAN WAY,705128,90e0ec8b-717e-4a82-9106-1c1682019fda,4464,APPIAN WAY
461421,,,GYM,RD,,,GYM RD,671327,2cedbe3c-8f4f-4373-bc1d-caf4e2c8632c,,GYM RD
461422,,,ELDRED,TER,,,ELDRED TER,731144,765a067d-8fc9-44db-935b-daf0e6eeb489,4466,ELDRED TER
461423,,,MAIN,RD,,,MAIN RD,673317,78d70449-78e0-48f2-8116-710612901104,,MAIN RD
461424,,,SPRUCEWOOD,LN,,,SPRUCEWOOD LN,788477,b4123a6a-bb18-4737-aafe-1be63034b260,4469,SPRUCEWOOD LN
461425,,,JUNEBERRY,LN,,,JUNEBERRY LN,786477,ed13c007-e925-42e8-8d5d-d6eceee46985,4471,JUNEBERRY LN
461426,,,WHISPERING PINE,CIR,,,WHISPERING PINE CIR,787476,8b69dfc2-cbba-4b7c-9e18-230ab6951609,4473,WHISPERING PINE CIR
461427,,,ENAYA,CIR,,,ENAYA CIR,811399,32a6ac6c-4867-425f-94e5-970d5065e29c,4474,ENAYA CIR
461428,,,MYRA,LN,,,MYRA LN,811403,5bfeeb72-84d8-4b3a-8960-c43c32fcf30f,4475,MYRA LN
461429,,,SALISBURY HILL,BLVD,,,SALISBURY HILL BLVD,622339,e39f328d-5cb8-4992-8d09-808239cf7d6a,4476,SALISBURY HILL BLVD
461430,,,TIDESWELL,LN,,,TIDESWELL LN,627340,41caf331-8b45-4834-9756-11f7dddfc0b7,4478,TIDESWELL LN
461431,,,BLACKSTONE RIVER,RD,,,BLACKSTONE RIVER RD,770092,3b27afe2-70db-42de-9449-51e382117aff,2335,BLACKSTONE RIVER RD
461432,,,ROBINSON,PL,,,ROBINSON PL,747231,5f6c2c01-0c22-4aee-978d-64d449a65f37,16725,ROBINSON PL
461433,,,CASPAR,ST,,,CASPAR ST,854147,f58a53de-ec8b-430f-a0d7-48c96d609197,364,CASPAR ST
461434,,,CATALINE,ST,,,CATALINE ST,829355,cccfad32-f424-4d1e-932e-b08479b17110,367,CATALINE ST
461435,,,CHAPEL,RD,,,CHAPEL RD,664318,72e8d633-403b-4a70-8a56-2d7e42c37602,,CHAPEL RD
